step,id,x,y
0,0,-11.087,2.997
0,1,16.403,15.003
0,2,32.405,35.07
0,3,22.115,35.657
10,0,-10.9704,2.95947
10,1,16.4337,15.0167
10,2,32.5248,35.7811
10,3,22.2107,35.2524
20,0,-10.8782,2.90817
20,1,16.4661,15.0006
20,2,32.7699,36.5198
20,3,22.2092,34.8862
30,0,-10.8104,2.84305
30,1,16.5004,14.9546
30,2,33.132,37.2949
30,3,22.1189,34.5492
40,0,-10.767,2.76407
40,1,16.5373,14.8786
40,2,33.5979,38.1118
40,3,21.9531,34.2356
50,0,-10.7479,2.67122
50,1,16.5774,14.7726
50,2,34.1529,38.9722
50,3,21.7268,33.9436
60,0,-10.7531,2.56452
60,1,16.6215,14.6368
60,2,34.7828,39.8751
60,3,21.4541,33.6742
70,0,-10.7824,2.44402
70,1,16.6704,14.471
70,2,35.4757,40.8179
70,3,21.1466,33.4301
80,0,-10.8357,2.30982
80,1,16.7251,14.2754
80,2,36.2215,41.7974
80,3,20.8136,33.2144
90,0,-10.9129,2.16201
90,1,16.7864,14.0502
90,2,37.0121,42.8103
90,3,20.462,33.0304
100,0,-11.0138,2.00074
100,1,16.8554,13.7956
100,2,37.8412,43.8534
100,3,20.0972,32.8808
110,0,-11.1383,1.82618
110,1,16.9333,13.5121
110,2,38.7035,44.9237
110,3,19.7228,32.768
120,0,-11.286,1.63853
120,1,17.0209,13.2003
120,2,39.5948,46.0186
120,3,19.3413,32.6935
130,0,-11.4567,1.43801
130,1,17.1195,12.8607
130,2,40.5117,47.1358
130,3,18.9545,32.6584
140,0,-11.6502,1.22489
140,1,17.23,12.4944
140,2,41.4512,48.2733
140,3,18.5635,32.6633
150,0,-11.8661,0.999439
150,1,17.3534,12.1024
150,2,42.411,49.4293
150,3,18.169,32.7079
160,0,-12.1041,0.761966
160,1,17.4904,11.6857
160,2,43.389,50.6022
160,3,17.7713,32.7917
170,0,-12.3638,0.512796
170,1,17.6418,11.2457
170,2,44.3835,51.7905
170,3,17.3706,32.9139
180,0,-12.6447,0.252273
180,1,17.8082,10.7836
180,2,45.393,52.9931
180,3,16.9669,33.0733
190,0,-12.9466,-0.0192402
190,1,17.9902,10.3008
190,2,46.4163,54.2089
190,3,16.5601,33.2683
200,0,-13.2688,-0.301372
200,1,18.1879,9.79862
200,2,47.4521,55.4368
200,3,16.1501,33.4975
210,0,-13.6108,-0.593739
210,1,18.4016,9.27834
210,2,48.4995,56.6759
210,3,15.737,33.7592
220,0,-13.9723,-0.895952
220,1,18.6314,8.74125
220,2,49.5576,57.9256
220,3,15.3206,34.0516
230,0,-14.3525,-1.20762
230,1,18.8773,8.18854
230,2,50.6256,59.1849
230,3,14.901,34.3731
240,0,-14.7511,-1.52835
240,1,19.1391,7.62136
240,2,51.7028,60.4534
240,3,14.4781,34.7219
250,0,-15.1673,-1.85776
250,1,19.4167,7.04075
250,2,52.7886,61.7304
250,3,14.052,35.0966
260,0,-15.6007,-2.19547
260,1,19.7098,6.44771
260,2,53.8824,63.0154
260,3,13.6228,35.4954
270,0,-16.0507,-2.54109
270,1,20.0181,5.84311
270,2,54.9837,64.3078
270,3,13.1904,35.917
280,0,-16.5166,-2.89427
280,1,20.3412,5.2278
280,2,56.092,65.6073
280,3,12.7551,36.36
290,0,-16.998,-3.25464
290,1,20.6786,4.60253
290,2,57.2069,66.9134
290,3,12.3169,36.8231
300,0,-17.4942,-3.62188
300,1,21.03,3.96798
300,2,58.328,68.2257
300,3,11.8758,37.305
310,0,-18.0047,-3.99565
310,1,21.395,3.32477
310,2,59.455,69.5439
310,3,11.4321,37.8047
320,0,-18.5289,-4.37563
320,1,21.773,2.67348
320,2,60.5874,70.8677
320,3,10.9859,38.3211
330,0,-19.0662,-4.76153
330,1,22.1635,2.01461
330,2,61.7252,72.1968
330,3,10.5372,38.8532
340,0,-19.6162,-5.15305
340,1,22.5662,1.34866
340,2,62.8678,73.5309
340,3,10.0861,39.4002
350,0,-20.1784,-5.54994
350,1,22.9806,0.676029
350,2,64.0151,74.8697
350,3,9.63285,39.9611
360,0,-20.7522,-5.95192
360,1,23.4062,-0.00287202
360,2,65.1669,76.2131
360,3,9.17743,40.5353
370,0,-21.3371,-6.35875
370,1,23.8426,-0.687689
370,2,66.3229,77.5608
370,3,8.71999,41.122
380,0,-21.9327,-6.77021
380,1,24.2892,-1.37809
380,2,67.4829,78.9125
380,3,8.26061,41.7206
390,0,-22.5386,-7.18608
390,1,24.7459,-2.07378
390,2,68.6468,80.2682
390,3,7.79938,42.3303
400,0,-23.1542,-7.60614
400,1,25.212,-2.77448
400,2,69.8143,81.6275
400,3,7.33638,42.9507
410,0,-23.7793,-8.0302
410,1,25.6872,-3.47992
410,2,70.9852,82.9904
410,3,6.87171,43.5813
420,0,-24.4134,-8.45809
420,1,26.1711,-4.18988
420,2,72.1596,84.3568
420,3,6.40542,44.2214
430,0,-25.0561,-8.88962
430,1,26.6635,-4.90413
430,2,73.337,85.7263
430,3,5.9376,44.8706
440,0,-25.7071,-9.32463
440,1,27.1638,-5.62247
440,2,74.5176,87.099
440,3,5.4683,45.5286
450,0,-26.366,-9.76297
450,1,27.6719,-6.34471
450,2,75.701,88.4747
450,3,4.9976,46.1948
460,0,-27.0325,-10.2045
460,1,28.1873,-7.07066
460,2,76.8873,89.8532
460,3,4.52555,46.869
470,0,-27.7062,-10.6491
470,1,28.7097,-7.80018
470,2,78.0762,91.2345
470,3,4.0522,47.5507
480,0,-28.387,-11.0966
480,1,29.239,-8.53309
480,2,79.2677,92.6184
480,3,3.57761,48.2396
490,0,-29.0745,-11.5468
490,1,29.7748,-9.26926
490,2,80.4617,94.0048
490,3,3.10183,48.9355
500,0,-29.7683,-11.9998
500,1,30.3167,-10.0086
500,2,81.658,95.3937
500,3,2.6249,49.6379
510,0,-30.4684,-12.4553
510,1,30.8647,-10.7508
510,2,82.8566,96.785
510,3,2.14686,50.3467
520,0,-31.1744,-12.9133
520,1,31.4184,-11.496
520,2,84.0575,98.1785
520,3,1.66777,51.0616
530,0,-31.8861,-13.3737
530,1,31.9777,-12.2439
530,2,85.2604,99.5741
530,3,1.18765,51.7823
540,0,-32.6033,-13.8363
540,1,32.5422,-12.9945
540,2,86.4655,100.972
540,3,0.706541,52.5085
550,0,-33.3257,-14.3012
550,1,33.1118,-13.7476
550,2,87.6724,102.372
550,3,0.22448,53.2402
560,0,-34.0532,-14.7681
560,1,33.6864,-14.5031
560,2,88.8813,103.773
560,3,-0.258501,53.977
570,0,-34.7856,-15.2371
570,1,34.2656,-15.2611
570,2,90.092,105.177
570,3,-0.742372,54.7187
580,0,-35.5226,-15.708
580,1,34.8494,-16.0213
580,2,91.3045,106.583
580,3,-1.2271,55.4653
590,0,-36.2642,-16.1809
590,1,35.4375,-16.7837
590,2,92.5187,107.99
590,3,-1.71267,56.2164
600,0,-37.0101,-16.6555
600,1,36.0298,-17.5482
600,2,93.7346,109.399
600,3,-2.19903,56.972
610,0,-37.7602,-17.1319
610,1,36.6262,-18.3148
610,2,94.9521,110.809
610,3,-2.68618,57.7318
620,0,-38.5144,-17.61
620,1,37.2265,-19.0834
620,2,96.1711,112.222
620,3,-3.17409,58.4958
630,0,-39.2725,-18.0897
630,1,37.8306,-19.8538
630,2,97.3917,113.635
630,3,-3.66273,59.2638
640,0,-40.0343,-18.571
640,1,38.4382,-20.6261
640,2,98.6137,115.051
640,3,-4.15208,60.0356
650,0,-40.7998,-19.0539
650,1,39.0494,-21.4002
650,2,99.8371,116.467
650,3,-4.64213,60.8111
660,0,-41.5687,-19.5382
660,1,39.664,-22.176
660,2,101.062,117.885
660,3,-5.13284,61.5901
670,0,-42.3411,-20.0239
670,1,40.2818,-22.9535
670,2,102.288,119.305
670,3,-5.62421,62.3727
680,0,-43.1167,-20.5111
680,1,40.9027,-23.7327
680,2,103.515,120.726
680,3,-6.11622,63.1586
690,0,-43.8955,-20.9995
690,1,41.5268,-24.5134
690,2,104.744,122.148
690,3,-6.60884,63.9478
700,0,-44.6774,-21.4893
700,1,42.1537,-25.2956
700,2,105.974,123.571
700,3,-7.10206,64.7401
710,0,-45.4623,-21.9804
710,1,42.7835,-26.0793
710,2,107.205,124.996
710,3,-7.59587,65.5355
720,0,-46.25,-22.4726
720,1,43.4161,-26.8644
720,2,108.437,126.421
720,3,-8.09024,66.3338
730,0,-47.0405,-22.9661
730,1,44.0514,-27.6509
730,2,109.671,127.848
730,3,-8.58517,67.135
740,0,-47.8337,-23.4607
740,1,44.6892,-28.4388
740,2,110.905,129.276
740,3,-9.08065,67.9389
750,0,-48.6295,-23.9564
750,1,45.3295,-29.228
750,2,112.141,130.706
750,3,-9.57665,68.7456
760,0,-49.4278,-24.4532
760,1,45.9723,-30.0184
760,2,113.377,132.136
760,3,-10.0732,69.5549
770,0,-50.2286,-24.9511
770,1,46.6174,-30.8101
770,2,114.615,133.567
770,3,-10.5702,70.3667
780,0,-51.0318,-25.45
780,1,47.2648,-31.603
780,2,115.853,134.999
780,3,-11.0677,71.181
790,0,-51.8373,-25.9499
790,1,47.9144,-32.3971
790,2,117.093,136.432
790,3,-11.5657,71.9977
800,0,-52.645,-26.4508
800,1,48.5662,-33.1923
800,2,118.333,137.867
800,3,-12.0641,72.8167
810,0,-53.4549,-26.9526
810,1,49.2201,-33.9886
810,2,119.574,139.302
810,3,-12.563,73.638
820,0,-54.267,-27.4554
820,1,49.876,-34.786
820,2,120.817,140.738
820,3,-13.0624,74.4615
830,0,-55.0811,-27.959
830,1,50.5338,-35.5845
830,2,122.06,142.175
830,3,-13.5622,75.2872
840,0,-55.8972,-28.4635
840,1,51.1936,-36.384
840,2,123.303,143.612
840,3,-14.0624,76.1149
850,0,-56.7153,-28.9689
850,1,51.8552,-37.1845
850,2,124.548,145.051
850,3,-14.563,76.9447
860,0,-57.5352,-29.4751
860,1,52.5187,-37.9859
860,2,125.794,146.491
860,3,-15.0641,77.7765
870,0,-58.357,-29.9821
870,1,53.1839,-38.7884
870,2,127.04,147.931
870,3,-15.5655,78.6102
880,0,-59.1806,-30.4899
880,1,53.8508,-39.5917
880,2,128.287,149.372
880,3,-16.0673,79.4457
890,0,-60.0059,-30.9985
890,1,54.5194,-40.3959
890,2,129.535,150.814
890,3,-16.5695,80.2831
900,0,-60.833,-31.5078
900,1,55.1896,-41.2011
900,2,130.783,152.256
900,3,-17.0721,81.1223
910,0,-61.6617,-32.0179
910,1,55.8613,-42.007
910,2,132.033,153.7
910,3,-17.5751,81.9633
920,0,-62.492,-32.5287
920,1,56.5347,-42.8139
920,2,133.283,155.144
920,3,-18.0784,82.806
930,0,-63.3239,-33.0401
930,1,57.2095,-43.6215
930,2,134.533,156.588
930,3,-18.5821,83.6503
940,0,-64.1573,-33.5523
940,1,57.8858,-44.43
940,2,135.785,158.034
940,3,-19.0861,84.4962
950,0,-64.9922,-34.0651
950,1,58.5635,-45.2392
950,2,137.037,159.48
950,3,-19.5904,85.3437
960,0,-65.8286,-34.5786
960,1,59.2426,-46.0492
960,2,138.289,160.927
960,3,-20.0951,86.1928
970,0,-66.6664,-35.0927
970,1,59.9231,-46.8599
970,2,139.543,162.374
970,3,-20.6001,87.0434
980,0,-67.5056,-35.6075
980,1,60.6049,-47.6714
980,2,140.796,163.822
980,3,-21.1054,87.8955
990,0,-68.3462,-36.1228
990,1,61.288,-48.4836
990,2,142.051,165.271
990,3,-21.611,88.749
1000,0,-69.1881,-36.6388
1000,1,61.9723,-49.2965
1000,2,143.306,166.72
1000,3,-22.117,89.6039
1010,0,-70.0313,-37.1553
1010,1,62.6579,-50.1101
1010,2,144.562,168.17
1010,3,-22.6232,90.4602
1020,0,-70.8757,-37.6724
1020,1,63.3447,-50.9244
1020,2,145.818,169.62
1020,3,-23.1298,91.3179
1030,0,-71.7214,-38.1901
1030,1,64.0326,-51.7393
1030,2,147.075,171.071
1030,3,-23.6366,92.1768
1040,0,-72.5683,-38.7083
1040,1,64.7217,-52.5548
1040,2,148.332,172.523
1040,3,-24.1437,93.0371
1050,0,-73.4164,-39.227
1050,1,65.412,-53.371
1050,2,149.59,173.975
1050,3,-24.6511,93.8986
1060,0,-74.2656,-39.7463
1060,1,66.1033,-54.1878
1060,2,150.848,175.428
1060,3,-25.1588,94.7614
1070,0,-75.116,-40.2661
1070,1,66.7957,-55.0052
1070,2,152.107,176.881
1070,3,-25.6667,95.6254
1080,0,-75.9675,-40.7864
1080,1,67.4891,-55.8232
1080,2,153.366,178.335
1080,3,-26.1749,96.4906
1090,0,-76.82,-41.3072
1090,1,68.1836,-56.6418
1090,2,154.626,179.789
1090,3,-26.6833,97.3569
1100,0,-77.6736,-41.8285
1100,1,68.8791,-57.4609
1100,2,155.887,181.244
1100,3,-27.1921,98.2244
1110,0,-78.5283,-42.3502
1110,1,69.5755,-58.2806
1110,2,157.147,182.699
1110,3,-27.701,99.093
1120,0,-79.384,-42.8724
1120,1,70.273,-59.1008
1120,2,158.409,184.154
1120,3,-28.2102,99.9627
1130,0,-80.2406,-43.3951
1130,1,70.9713,-59.9216
1130,2,159.67,185.611
1130,3,-28.7197,100.833
1140,0,-81.0983,-43.9182
1140,1,71.6706,-60.7429
1140,2,160.933,187.067
1140,3,-29.2294,101.705
1150,0,-81.9569,-44.4418
1150,1,72.3708,-61.5647
1150,2,162.195,188.524
1150,3,-29.7393,102.578
1160,0,-82.8164,-44.9658
1160,1,73.0719,-62.3871
1160,2,163.458,189.982
1160,3,-30.2495,103.452
1170,0,-83.6769,-45.4902
1170,1,73.7739,-63.2099
1170,2,164.722,191.44
1170,3,-30.7599,104.327
1180,0,-84.5382,-46.015
1180,1,74.4767,-64.0332
1180,2,165.986,192.898
1180,3,-31.2705,105.203
1190,0,-85.4004,-46.5403
1190,1,75.1803,-64.857
1190,2,167.25,194.357
1190,3,-31.7813,106.079
1200,0,-86.2635,-47.0659
1200,1,75.8847,-65.6813
1200,2,168.515,195.816
1200,3,-32.2924,106.957
1210,0,-87.1274,-47.592
1210,1,76.59,-66.506
1210,2,169.78,197.276
1210,3,-32.8037,107.836
1220,0,-87.9922,-48.1184
1220,1,77.296,-67.3311
1220,2,171.046,198.736
1220,3,-33.3151,108.715
1230,0,-88.8578,-48.6452
1230,1,78.0028,-68.1568
1230,2,172.311,200.196
1230,3,-33.8268,109.596
1240,0,-89.7242,-49.1724
1240,1,78.7104,-68.9828
1240,2,173.578,201.657
1240,3,-34.3387,110.477
1250,0,-90.5913,-49.6999
1250,1,79.4187,-69.8093
1250,2,174.844,203.118
1250,3,-34.8508,111.359
1260,0,-91.4593,-50.2278
1260,1,80.1277,-70.6362
1260,2,176.111,204.58
1260,3,-35.3631,112.242
1270,0,-92.328,-50.7561
1270,1,80.8375,-71.4635
1270,2,177.379,206.042
1270,3,-35.8756,113.126
1280,0,-93.1974,-51.2847
1280,1,81.5479,-72.2912
1280,2,178.647,207.504
1280,3,-36.3882,114.011
1290,0,-94.0675,-51.8136
1290,1,82.259,-73.1194
1290,2,179.915,208.967
1290,3,-36.9011,114.896
1300,0,-94.9384,-52.3429
1300,1,82.9709,-73.9479
1300,2,181.183,210.43
1300,3,-37.4141,115.782
1310,0,-95.81,-52.8725
1310,1,83.6833,-74.7768
1310,2,182.452,211.893
1310,3,-37.9274,116.669
1320,0,-96.6823,-53.4025
1320,1,84.3965,-75.6061
1320,2,183.721,213.357
1320,3,-38.4408,117.557
1330,0,-97.5552,-53.9327
1330,1,85.1102,-76.4357
1330,2,184.991,214.821
1330,3,-38.9544,118.445
1340,0,-98.4288,-54.4633
1340,1,85.8246,-77.2658
1340,2,186.26,216.285
1340,3,-39.4681,119.335
1350,0,-99.3031,-54.9942
1350,1,86.5396,-78.0961
1350,2,187.53,217.75
1350,3,-39.9821,120.224
1360,0,-100.178,-55.5254
1360,1,87.2552,-78.9269
1360,2,188.801,219.215
1360,3,-40.4962,121.115
1370,0,-101.054,-56.0569
1370,1,87.9715,-79.758
1370,2,190.072,220.68
1370,3,-41.0105,122.006
1380,0,-101.93,-56.5887
1380,1,88.6883,-80.5894
1380,2,191.343,222.146
1380,3,-41.5249,122.898
1390,0,-102.807,-57.1208
1390,1,89.4056,-81.4212
1390,2,192.614,223.612
1390,3,-42.0395,123.791
1400,0,-103.684,-57.6531
1400,1,90.1236,-82.2533
1400,2,193.885,225.078
1400,3,-42.5543,124.684
1410,0,-104.562,-58.1858
1410,1,90.8421,-83.0858
1410,2,195.157,226.545
1410,3,-43.0692,125.578
1420,0,-105.44,-58.7187
1420,1,91.5612,-83.9186
1420,2,196.43,228.012
1420,3,-43.5843,126.473
1430,0,-106.32,-59.2519
1430,1,92.2808,-84.7517
1430,2,197.702,229.479
1430,3,-44.0995,127.368
1440,0,-107.199,-59.7854
1440,1,93.0009,-85.5851
1440,2,198.975,230.946
1440,3,-44.6149,128.264
1450,0,-108.08,-60.3191
1450,1,93.7215,-86.4188
1450,2,200.248,232.414
1450,3,-45.1304,129.161
1460,0,-108.96,-60.8531
1460,1,94.4427,-87.2528
1460,2,201.521,233.882
1460,3,-45.6461,130.058
1470,0,-109.842,-61.3874
1470,1,95.1644,-88.0871
1470,2,202.795,235.35
1470,3,-46.162,130.956
1480,0,-110.724,-61.9219
1480,1,95.8865,-88.9218
1480,2,204.068,236.819
1480,3,-46.6779,131.854
1490,0,-111.606,-62.4566
1490,1,96.6092,-89.7567
1490,2,205.343,238.287
1490,3,-47.1941,132.753
1500,0,-112.489,-62.9916
1500,1,97.3323,-90.5919
1500,2,206.617,239.757
1500,3,-47.7103,133.652
1510,0,-113.372,-63.5269
1510,1,98.0559,-91.4273
1510,2,207.891,241.226
1510,3,-48.2267,134.552
1520,0,-114.256,-64.0624
1520,1,98.78,-92.2631
1520,2,209.166,242.695
1520,3,-48.7433,135.453
1530,0,-115.141,-64.5981
1530,1,99.5046,-93.0992
1530,2,210.441,244.165
1530,3,-49.2599,136.354
1540,0,-116.025,-65.134
1540,1,100.23,-93.9355
1540,2,211.717,245.635
1540,3,-49.7768,137.256
1550,0,-116.911,-65.6702
1550,1,100.955,-94.772
1550,2,212.992,247.106
1550,3,-50.2937,138.158
1560,0,-117.797,-66.2066
1560,1,101.681,-95.6089
1560,2,214.268,248.576
1560,3,-50.8108,139.06
1570,0,-118.683,-66.7433
1570,1,102.407,-96.446
1570,2,215.544,250.047
1570,3,-51.328,139.964
1580,0,-119.57,-67.2801
1580,1,103.134,-97.2833
1580,2,216.82,251.518
1580,3,-51.8453,140.867
1590,0,-120.457,-67.8172
1590,1,103.861,-98.121
1590,2,218.097,252.989
1590,3,-52.3628,141.772
1600,0,-121.344,-68.3545
1600,1,104.589,-98.9588
1600,2,219.374,254.461
1600,3,-52.8803,142.676
1610,0,-122.232,-68.892
1610,1,105.317,-99.7969
1610,2,220.65,255.932
1610,3,-53.398,143.581
1620,0,-123.121,-69.4297
1620,1,106.045,-100.635
1620,2,221.928,257.404
1620,3,-53.9159,144.487
1630,0,-124.01,-69.9676
1630,1,106.774,-101.474
1630,2,223.205,258.877
1630,3,-54.4338,145.393
1640,0,-124.899,-70.5057
1640,1,107.503,-102.313
1640,2,224.483,260.349
1640,3,-54.9519,146.3
1650,0,-125.789,-71.0441
1650,1,108.233,-103.152
1650,2,225.76,261.822
1650,3,-55.4701,147.207
1660,0,-126.679,-71.5826
1660,1,108.963,-103.991
1660,2,227.038,263.294
1660,3,-55.9884,148.114
1670,0,-127.57,-72.1213
1670,1,109.693,-104.831
1670,2,228.317,264.767
1670,3,-56.5068,149.022
1680,0,-128.461,-72.6602
1680,1,110.424,-105.67
1680,2,229.595,266.241
1680,3,-57.0253,149.931
1690,0,-129.352,-73.1993
1690,1,111.155,-106.51
1690,2,230.874,267.714
1690,3,-57.5439,150.84
1700,0,-130.244,-73.7386
1700,1,111.886,-107.35
1700,2,232.152,269.188
1700,3,-58.0627,151.749
1710,0,-131.136,-74.278
1710,1,112.618,-108.191
1710,2,233.431,270.661
1710,3,-58.5815,152.659
1720,0,-132.028,-74.8177
1720,1,113.35,-109.032
1720,2,234.711,272.135
1720,3,-59.1005,153.569
1730,0,-132.921,-75.3575
1730,1,114.083,-109.872
1730,2,235.99,273.61
1730,3,-59.6196,154.479
1740,0,-133.814,-75.8975
1740,1,114.815,-110.713
1740,2,237.269,275.084
1740,3,-60.1388,155.39
1750,0,-134.708,-76.4377
1750,1,115.549,-111.555
1750,2,238.549,276.559
1750,3,-60.658,156.302
1760,0,-135.602,-76.9781
1760,1,116.282,-112.396
1760,2,239.829,278.033
1760,3,-61.1774,157.213
1770,0,-136.496,-77.5186
1770,1,117.016,-113.238
1770,2,241.109,279.508
1770,3,-61.6969,158.125
1780,0,-137.391,-78.0593
1780,1,117.75,-114.08
1780,2,242.39,280.984
1780,3,-62.2165,159.038
1790,0,-138.285,-78.6002
1790,1,118.484,-114.922
1790,2,243.67,282.459
1790,3,-62.7362,159.951
1800,0,-139.181,-79.1412
1800,1,119.219,-115.764
1800,2,244.951,283.934
1800,3,-63.256,160.864
1810,0,-140.076,-79.6824
1810,1,119.954,-116.606
1810,2,246.232,285.41
1810,3,-63.7759,161.778
1820,0,-140.972,-80.2238
1820,1,120.69,-117.449
1820,2,247.513,286.886
1820,3,-64.2958,162.692
1830,0,-141.869,-80.7653
1830,1,121.425,-118.292
1830,2,248.794,288.362
1830,3,-64.8159,163.606
1840,0,-142.765,-81.307
1840,1,122.161,-119.135
1840,2,250.075,289.838
1840,3,-65.3361,164.521
1850,0,-143.662,-81.8488
1850,1,122.898,-119.978
1850,2,251.357,291.315
1850,3,-65.8564,165.436
1860,0,-144.559,-82.3908
1860,1,123.634,-120.821
1860,2,252.638,292.791
1860,3,-66.3767,166.352
1870,0,-145.457,-82.933
1870,1,124.371,-121.665
1870,2,253.92,294.268
1870,3,-66.8972,167.267
1880,0,-146.355,-83.4753
1880,1,125.108,-122.508
1880,2,255.202,295.745
1880,3,-67.4177,168.184
1890,0,-147.253,-84.0177
1890,1,125.846,-123.352
1890,2,256.484,297.222
1890,3,-67.9383,169.1
1900,0,-148.151,-84.5603
1900,1,126.584,-124.196
1900,2,257.766,298.699
1900,3,-68.4591,170.017
1910,0,-149.05,-85.1031
1910,1,127.322,-125.04
1910,2,259.049,300.176
1910,3,-68.9799,170.934
1920,0,-149.949,-85.646
1920,1,128.06,-125.885
1920,2,260.331,301.654
1920,3,-69.5008,171.852
1930,0,-150.848,-86.189
1930,1,128.798,-126.729
1930,2,261.614,303.132
1930,3,-70.0217,172.769
1940,0,-151.748,-86.7322
1940,1,129.537,-127.574
1940,2,262.897,304.609
1940,3,-70.5428,173.687
1950,0,-152.648,-87.2755
1950,1,130.276,-128.419
1950,2,264.18,306.087
1950,3,-71.064,174.606
1960,0,-153.548,-87.8189
1960,1,131.016,-129.264
1960,2,265.463,307.565
1960,3,-71.5852,175.525
1970,0,-154.448,-88.3625
1970,1,131.755,-130.109
1970,2,266.747,309.044
1970,3,-72.1065,176.444
1980,0,-155.349,-88.9062
1980,1,132.495,-130.955
1980,2,268.03,310.522
1980,3,-72.6279,177.363
1990,0,-156.25,-89.4501
1990,1,133.235,-131.8
1990,2,269.314,312.001
1990,3,-73.1494,178.283
2000,0,-157.151,-89.9941
2000,1,133.976,-132.646
2000,2,270.598,313.479
2000,3,-73.671,179.203
2010,0,-158.053,-90.5382
2010,1,134.716,-133.492
2010,2,271.882,314.958
2010,3,-74.1926,180.123
2020,0,-158.955,-91.0824
2020,1,135.457,-134.338
2020,2,273.166,316.437
2020,3,-74.7143,181.044
2030,0,-159.857,-91.6268
2030,1,136.198,-135.184
2030,2,274.45,317.916
2030,3,-75.2361,181.965
2040,0,-160.759,-92.1713
2040,1,136.939,-136.03
2040,2,275.734,319.396
2040,3,-75.758,182.886
2050,0,-161.661,-92.7159
2050,1,137.681,-136.876
2050,2,277.019,320.875
2050,3,-76.2799,183.807
2060,0,-162.564,-93.2607
2060,1,138.423,-137.723
2060,2,278.303,322.355
2060,3,-76.802,184.729
2070,0,-163.467,-93.8056
2070,1,139.165,-138.57
2070,2,279.588,323.834
2070,3,-77.3241,185.651
2080,0,-164.37,-94.3505
2080,1,139.907,-139.416
2080,2,280.873,325.314
2080,3,-77.8463,186.573
2090,0,-165.274,-94.8957
2090,1,140.649,-140.263
2090,2,282.158,326.794
2090,3,-78.3685,187.496
2100,0,-166.178,-95.4409
2100,1,141.392,-141.11
2100,2,283.443,328.274
2100,3,-78.8908,188.419
2110,0,-167.082,-95.9863
2110,1,142.135,-141.958
2110,2,284.728,329.754
2110,3,-79.4132,189.342
2120,0,-167.986,-96.5317
2120,1,142.878,-142.805
2120,2,286.013,331.235
2120,3,-79.9357,190.265
2130,0,-168.89,-97.0773
2130,1,143.621,-143.653
2130,2,287.299,332.715
2130,3,-80.4582,191.189
2140,0,-169.795,-97.623
2140,1,144.365,-144.5
2140,2,288.585,334.196
2140,3,-80.9808,192.113
2150,0,-170.7,-98.1688
2150,1,145.109,-145.348
2150,2,289.87,335.676
2150,3,-81.5035,193.037
2160,0,-171.605,-98.7147
2160,1,145.853,-146.196
2160,2,291.156,337.157
2160,3,-82.0263,193.961
2170,0,-172.51,-99.2608
2170,1,146.597,-147.044
2170,2,292.442,338.638
2170,3,-82.5491,194.886
2180,0,-173.416,-99.8069
2180,1,147.341,-147.892
2180,2,293.728,340.119
2180,3,-83.072,195.811
2190,0,-174.322,-100.353
2190,1,148.086,-148.74
2190,2,295.014,341.6
2190,3,-83.5949,196.736
2200,0,-175.228,-100.9
2200,1,148.831,-149.589
2200,2,296.301,343.082
2200,3,-84.118,197.661
2210,0,-176.134,-101.446
2210,1,149.576,-150.437
2210,2,297.587,344.563
2210,3,-84.641,198.587
2220,0,-177.04,-101.993
2220,1,150.321,-151.286
2220,2,298.874,346.045
2220,3,-85.1642,199.513
2230,0,-177.947,-102.539
2230,1,151.066,-152.135
2230,2,300.16,347.526
2230,3,-85.6874,200.439
2240,0,-178.854,-103.086
2240,1,151.812,-152.984
2240,2,301.447,349.008
2240,3,-86.2107,201.365
2250,0,-179.761,-103.633
2250,1,152.557,-153.833
2250,2,302.734,350.49
2250,3,-86.734,202.292
2260,0,-180.668,-104.18
2260,1,153.303,-154.682
2260,2,304.021,351.972
2260,3,-87.2574,203.219
2270,0,-181.575,-104.727
2270,1,154.049,-155.531
2270,2,305.308,353.454
2270,3,-87.7809,204.146
2280,0,-182.483,-105.274
2280,1,154.796,-156.381
2280,2,306.595,354.936
2280,3,-88.3044,205.073
2290,0,-183.391,-105.822
2290,1,155.542,-157.23
2290,2,307.883,356.419
2290,3,-88.828,206
2300,0,-184.299,-106.369
2300,1,156.289,-158.08
2300,2,309.17,357.901
2300,3,-89.3517,206.928
2310,0,-185.207,-106.916
2310,1,157.036,-158.929
2310,2,310.458,359.384
2310,3,-89.8754,207.856
2320,0,-186.115,-107.464
2320,1,157.783,-159.779
2320,2,311.745,360.866
2320,3,-90.3992,208.784
2330,0,-187.024,-108.012
2330,1,158.53,-160.629
2330,2,313.033,362.349
2330,3,-90.923,209.712
2340,0,-187.932,-108.559
2340,1,159.277,-161.479
2340,2,314.321,363.832
2340,3,-91.4469,210.641
2350,0,-188.841,-109.107
2350,1,160.025,-162.329
2350,2,315.609,365.315
2350,3,-91.9708,211.57
2360,0,-189.751,-109.655
2360,1,160.773,-163.18
2360,2,316.897,366.798
2360,3,-92.4949,212.499
2370,0,-190.66,-110.203
2370,1,161.521,-164.03
2370,2,318.185,368.281
2370,3,-93.0189,213.428
2380,0,-191.569,-110.751
2380,1,162.269,-164.881
2380,2,319.473,369.764
2380,3,-93.5431,214.357
2390,0,-192.479,-111.3
2390,1,163.017,-165.731
2390,2,320.762,371.248
2390,3,-94.0672,215.287
2400,0,-193.389,-111.848
2400,1,163.765,-166.582
2400,2,322.05,372.731
2400,3,-94.5915,216.217
2410,0,-194.299,-112.396
2410,1,164.514,-167.433
2410,2,323.339,374.215
2410,3,-95.1158,217.147
2420,0,-195.209,-112.945
2420,1,165.262,-168.284
2420,2,324.627,375.698
2420,3,-95.6401,218.077
2430,0,-196.119,-113.493
2430,1,166.011,-169.135
2430,2,325.916,377.182
2430,3,-96.1645,219.007
2440,0,-197.03,-114.042
2440,1,166.76,-169.986
2440,2,327.205,378.666
2440,3,-96.689,219.938
2450,0,-197.941,-114.591
2450,1,167.51,-170.837
2450,2,328.494,380.15
2450,3,-97.2135,220.869
2460,0,-198.851,-115.14
2460,1,168.259,-171.688
2460,2,329.783,381.634
2460,3,-97.738,221.8
2470,0,-199.762,-115.689
2470,1,169.008,-172.54
2470,2,331.072,383.118
2470,3,-98.2627,222.731
2480,0,-200.674,-116.238
2480,1,169.758,-173.391
2480,2,332.361,384.602
2480,3,-98.7873,223.662
2490,0,-201.585,-116.787
2490,1,170.508,-174.243
2490,2,333.65,386.086
2490,3,-99.3121,224.594
2500,0,-202.496,-117.336
2500,1,171.258,-175.094
2500,2,334.939,387.571
2500,3,-99.8368,225.525
2510,0,-203.408,-117.885
2510,1,172.008,-175.946
2510,2,336.229,389.055
2510,3,-100.362,226.457
2520,0,-204.32,-118.434
2520,1,172.758,-176.798
2520,2,337.518,390.54
2520,3,-100.887,227.389
2530,0,-205.232,-118.984
2530,1,173.508,-177.65
2530,2,338.808,392.024
2530,3,-101.411,228.321
2540,0,-206.144,-119.533
2540,1,174.259,-178.502
2540,2,340.098,393.509
2540,3,-101.936,229.254
2550,0,-207.056,-120.083
2550,1,175.01,-179.354
2550,2,341.388,394.994
2550,3,-102.461,230.187
2560,0,-207.969,-120.633
2560,1,175.76,-180.206
2560,2,342.677,396.479
2560,3,-102.987,231.119
2570,0,-208.881,-121.182
2570,1,176.511,-181.059
2570,2,343.967,397.964
2570,3,-103.512,232.052
2580,0,-209.794,-121.732
2580,1,177.262,-181.911
2580,2,345.257,399.449
2580,3,-104.037,232.985
2590,0,-210.707,-122.282
2590,1,178.014,-182.764
2590,2,346.548,400.934
2590,3,-104.562,233.919
2600,0,-211.62,-122.832
2600,1,178.765,-183.616
2600,2,347.838,402.419
2600,3,-105.087,234.852
2610,0,-212.533,-123.382
2610,1,179.517,-184.469
2610,2,349.128,403.905
2610,3,-105.613,235.786
2620,0,-213.447,-123.932
2620,1,180.268,-185.322
2620,2,350.418,405.39
2620,3,-106.138,236.72
2630,0,-214.36,-124.482
2630,1,181.02,-186.174
2630,2,351.709,406.876
2630,3,-106.663,237.654
2640,0,-215.274,-125.032
2640,1,181.772,-187.027
2640,2,352.999,408.361
2640,3,-107.189,238.588
2650,0,-216.187,-125.583
2650,1,182.524,-187.88
2650,2,354.29,409.847
2650,3,-107.714,239.522
2660,0,-217.101,-126.133
2660,1,183.276,-188.733
2660,2,355.581,411.333
2660,3,-108.24,240.456
2670,0,-218.015,-126.684
2670,1,184.028,-189.587
2670,2,356.871,412.819
2670,3,-108.766,241.391
2680,0,-218.93,-127.234
2680,1,184.781,-190.44
2680,2,358.162,414.304
2680,3,-109.291,242.326
2690,0,-219.844,-127.785
2690,1,185.533,-191.293
2690,2,359.453,415.79
2690,3,-109.817,243.261
2700,0,-220.758,-128.335
2700,1,186.286,-192.147
2700,2,360.744,417.277
2700,3,-110.343,244.196
2710,0,-221.673,-128.886
2710,1,187.039,-193
2710,2,362.035,418.763
2710,3,-110.868,245.131
2720,0,-222.588,-129.437
2720,1,187.792,-193.854
2720,2,363.326,420.249
2720,3,-111.394,246.066
2730,0,-223.502,-129.988
2730,1,188.545,-194.707
2730,2,364.618,421.735
2730,3,-111.92,247.002
2740,0,-224.417,-130.539
2740,1,189.298,-195.561
2740,2,365.909,423.221
2740,3,-112.446,247.938
2750,0,-225.332,-131.09
2750,1,190.051,-196.415
2750,2,367.2,424.708
2750,3,-112.972,248.874
2760,0,-226.248,-131.641
2760,1,190.805,-197.269
2760,2,368.492,426.194
2760,3,-113.498,249.81
2770,0,-227.163,-132.192
2770,1,191.558,-198.123
2770,2,369.783,427.681
2770,3,-114.024,250.746
2780,0,-228.079,-132.743
2780,1,192.312,-198.977
2780,2,371.075,429.168
2780,3,-114.55,251.682
2790,0,-228.994,-133.295
2790,1,193.066,-199.831
2790,2,372.366,430.654
2790,3,-115.076,252.618
2800,0,-229.91,-133.846
2800,1,193.82,-200.685
2800,2,373.658,432.141
2800,3,-115.602,253.555
2810,0,-230.826,-134.397
2810,1,194.574,-201.539
2810,2,374.95,433.628
2810,3,-116.128,254.492
2820,0,-231.742,-134.949
2820,1,195.328,-202.394
2820,2,376.242,435.115
2820,3,-116.655,255.429
2830,0,-232.658,-135.5
2830,1,196.082,-203.248
2830,2,377.534,436.602
2830,3,-117.181,256.366
2840,0,-233.574,-136.052
2840,1,196.836,-204.103
2840,2,378.826,438.089
2840,3,-117.707,257.303
2850,0,-234.49,-136.604
2850,1,197.591,-204.957
2850,2,380.118,439.576
2850,3,-118.234,258.24
2860,0,-235.407,-137.155
2860,1,198.345,-205.812
2860,2,381.41,441.063
2860,3,-118.76,259.177
2870,0,-236.324,-137.707
2870,1,199.1,-206.667
2870,2,382.702,442.551
2870,3,-119.286,260.115
2880,0,-237.24,-138.259
2880,1,199.855,-207.521
2880,2,383.994,444.038
2880,3,-119.813,261.053
2890,0,-238.157,-138.811
2890,1,200.61,-208.376
2890,2,385.287,445.526
2890,3,-120.339,261.991
2900,0,-239.074,-139.363
2900,1,201.365,-209.231
2900,2,386.579,447.013
2900,3,-120.866,262.928
2910,0,-239.991,-139.915
2910,1,202.12,-210.086
2910,2,387.872,448.501
2910,3,-121.393,263.867
2920,0,-240.908,-140.467
2920,1,202.875,-210.941
2920,2,389.164,449.988
2920,3,-121.919,264.805
2930,0,-241.825,-141.019
2930,1,203.63,-211.796
2930,2,390.457,451.476
2930,3,-122.446,265.743
2940,0,-242.743,-141.571
2940,1,204.386,-212.651
2940,2,391.749,452.964
2940,3,-122.973,266.682
2950,0,-243.66,-142.123
2950,1,205.141,-213.507
2950,2,393.042,454.451
2950,3,-123.499,267.62
2960,0,-244.578,-142.676
2960,1,205.897,-214.362
2960,2,394.335,455.939
2960,3,-124.026,268.559
2970,0,-245.496,-143.228
2970,1,206.653,-215.217
2970,2,395.628,457.427
2970,3,-124.553,269.498
2980,0,-246.414,-143.78
2980,1,207.408,-216.073
2980,2,396.921,458.915
2980,3,-125.08,270.437
2990,0,-247.331,-144.333
2990,1,208.164,-216.928
2990,2,398.214,460.403
2990,3,-125.607,271.376
3000,0,-248.249,-144.886
3000,1,208.92,-217.784
3000,2,399.507,461.891
3000,3,-126.134,272.315
3010,0,-249.168,-145.438
3010,1,209.676,-218.64
3010,2,400.8,463.38
3010,3,-126.661,273.255
3020,0,-250.086,-145.991
3020,1,210.433,-219.495
3020,2,402.093,464.868
3020,3,-127.188,274.194
3030,0,-251.004,-146.543
3030,1,211.189,-220.351
3030,2,403.386,466.356
3030,3,-127.715,275.134
3040,0,-251.923,-147.096
3040,1,211.945,-221.207
3040,2,404.679,467.845
3040,3,-128.242,276.073
3050,0,-252.841,-147.649
3050,1,212.702,-222.063
3050,2,405.973,469.333
3050,3,-128.769,277.013
3060,0,-253.76,-148.202
3060,1,213.459,-222.919
3060,2,407.266,470.821
3060,3,-129.296,277.953
3070,0,-254.679,-148.755
3070,1,214.215,-223.775
3070,2,408.559,472.31
3070,3,-129.823,278.893
3080,0,-255.598,-149.308
3080,1,214.972,-224.631
3080,2,409.853,473.799
3080,3,-130.35,279.834
3090,0,-256.517,-149.861
3090,1,215.729,-225.487
3090,2,411.147,475.287
3090,3,-130.877,280.774
3100,0,-257.436,-150.414
3100,1,216.486,-226.343
3100,2,412.44,476.776
3100,3,-131.405,281.714
3110,0,-258.355,-150.967
3110,1,217.243,-227.199
3110,2,413.734,478.265
3110,3,-131.932,282.655
3120,0,-259.274,-151.52
3120,1,218,-228.056
3120,2,415.028,479.754
3120,3,-132.459,283.595
3130,0,-260.193,-152.073
3130,1,218.757,-228.912
3130,2,416.321,481.242
3130,3,-132.987,284.536
3140,0,-261.113,-152.627
3140,1,219.515,-229.768
3140,2,417.615,482.731
3140,3,-133.514,285.477
3150,0,-262.033,-153.18
3150,1,220.272,-230.625
3150,2,418.909,484.22
3150,3,-134.042,286.418
3160,0,-262.952,-153.733
3160,1,221.03,-231.481
3160,2,420.203,485.709
3160,3,-134.569,287.359
3170,0,-263.872,-154.287
3170,1,221.787,-232.338
3170,2,421.497,487.199
3170,3,-135.097,288.3
3180,0,-264.792,-154.84
3180,1,222.545,-233.195
3180,2,422.791,488.688
3180,3,-135.624,289.242
3190,0,-265.712,-155.394
3190,1,223.303,-234.051
3190,2,424.085,490.177
3190,3,-136.152,290.183
3200,0,-266.632,-155.947
3200,1,224.061,-234.908
3200,2,425.379,491.666
3200,3,-136.679,291.125
3210,0,-267.552,-156.501
3210,1,224.819,-235.765
3210,2,426.674,493.156
3210,3,-137.207,292.066
3220,0,-268.472,-157.054
3220,1,225.577,-236.622
3220,2,427.968,494.645
3220,3,-137.735,293.008
3230,0,-269.392,-157.608
3230,1,226.335,-237.479
3230,2,429.262,496.134
3230,3,-138.262,293.95
3240,0,-270.313,-158.162
3240,1,227.093,-238.336
3240,2,430.557,497.624
3240,3,-138.79,294.892
3250,0,-271.233,-158.716
3250,1,227.851,-239.193
3250,2,431.851,499.114
3250,3,-139.318,295.834
3260,0,-272.154,-159.27
3260,1,228.61,-240.05
3260,2,433.145,500.603
3260,3,-139.846,296.776
3270,0,-273.075,-159.824
3270,1,229.368,-240.907
3270,2,434.44,502.093
3270,3,-140.373,297.719
3280,0,-273.995,-160.377
3280,1,230.127,-241.764
3280,2,435.735,503.582
3280,3,-140.901,298.661
3290,0,-274.916,-160.931
3290,1,230.885,-242.622
3290,2,437.029,505.072
3290,3,-141.429,299.603
3300,0,-275.837,-161.485
3300,1,231.644,-243.479
3300,2,438.324,506.562
3300,3,-141.957,300.546
3310,0,-276.758,-162.04
3310,1,232.403,-244.336
3310,2,439.619,508.052
3310,3,-142.485,301.489
3320,0,-277.679,-162.594
3320,1,233.162,-245.194
3320,2,440.913,509.542
3320,3,-143.013,302.432
3330,0,-278.6,-163.148
3330,1,233.921,-246.051
3330,2,442.208,511.032
3330,3,-143.541,303.374
3340,0,-279.522,-163.702
3340,1,234.68,-246.909
3340,2,443.503,512.522
3340,3,-144.069,304.317
3350,0,-280.443,-164.256
3350,1,235.439,-247.766
3350,2,444.798,514.012
3350,3,-144.597,305.261
3360,0,-281.364,-164.811
3360,1,236.198,-248.624
3360,2,446.093,515.502
3360,3,-145.125,306.204
3370,0,-282.286,-165.365
3370,1,236.957,-249.482
3370,2,447.388,516.992
3370,3,-145.653,307.147
3380,0,-283.208,-165.919
3380,1,237.717,-250.339
3380,2,448.683,518.482
3380,3,-146.181,308.09
3390,0,-284.129,-166.474
3390,1,238.476,-251.197
3390,2,449.978,519.973
3390,3,-146.709,309.034
3400,0,-285.051,-167.028
3400,1,239.236,-252.055
3400,2,451.273,521.463
3400,3,-147.238,309.977
3410,0,-285.973,-167.583
3410,1,239.995,-252.913
3410,2,452.569,522.953
3410,3,-147.766,310.921
3420,0,-286.895,-168.137
3420,1,240.755,-253.771
3420,2,453.864,524.444
3420,3,-148.294,311.865
3430,0,-287.817,-168.692
3430,1,241.515,-254.629
3430,2,455.159,525.934
3430,3,-148.822,312.809
3440,0,-288.739,-169.247
3440,1,242.274,-255.487
3440,2,456.455,527.424
3440,3,-149.351,313.753
3450,0,-289.661,-169.801
3450,1,243.034,-256.345
3450,2,457.75,528.915
3450,3,-149.879,314.697
3460,0,-290.583,-170.356
3460,1,243.794,-257.203
3460,2,459.045,530.406
3460,3,-150.407,315.641
3470,0,-291.506,-170.911
3470,1,244.554,-258.061
3470,2,460.341,531.896
3470,3,-150.936,316.585
3480,0,-292.428,-171.466
3480,1,245.314,-258.919
3480,2,461.637,533.387
3480,3,-151.464,317.529
3490,0,-293.351,-172.02
3490,1,246.074,-259.777
3490,2,462.932,534.878
3490,3,-151.993,318.474
3500,0,-294.273,-172.575
3500,1,246.835,-260.636
3500,2,464.228,536.368
3500,3,-152.521,319.418
3510,0,-295.196,-173.13
3510,1,247.595,-261.494
3510,2,465.523,537.859
3510,3,-153.049,320.363
3520,0,-296.119,-173.685
3520,1,248.355,-262.352
3520,2,466.819,539.35
3520,3,-153.578,321.307
3530,0,-297.041,-174.24
3530,1,249.116,-263.211
3530,2,468.115,540.841
3530,3,-154.107,322.252
3540,0,-297.964,-174.795
3540,1,249.876,-264.069
3540,2,469.411,542.332
3540,3,-154.635,323.197
3550,0,-298.887,-175.35
3550,1,250.637,-264.928
3550,2,470.707,543.823
3550,3,-155.164,324.142
3560,0,-299.81,-175.905
3560,1,251.397,-265.786
3560,2,472.002,545.314
3560,3,-155.692,325.087
3570,0,-300.733,-176.461
3570,1,252.158,-266.645
3570,2,473.298,546.805
3570,3,-156.221,326.032
3580,0,-301.656,-177.016
3580,1,252.919,-267.504
3580,2,474.594,548.296
3580,3,-156.75,326.977
3590,0,-302.58,-177.571
3590,1,253.68,-268.362
3590,2,475.89,549.787
3590,3,-157.278,327.922
3600,0,-303.503,-178.126
3600,1,254.441,-269.221
3600,2,477.186,551.278
3600,3,-157.807,328.868
3610,0,-304.426,-178.682
3610,1,255.202,-270.08
3610,2,478.482,552.77
3610,3,-158.336,329.813
3620,0,-305.35,-179.237
3620,1,255.963,-270.939
3620,2,479.779,554.261
3620,3,-158.865,330.759
3630,0,-306.273,-179.792
3630,1,256.724,-271.798
3630,2,481.075,555.752
3630,3,-159.393,331.704
3640,0,-307.197,-180.348
3640,1,257.485,-272.657
3640,2,482.371,557.244
3640,3,-159.922,332.65
3650,0,-308.12,-180.903
3650,1,258.246,-273.516
3650,2,483.667,558.735
3650,3,-160.451,333.596
3660,0,-309.044,-181.459
3660,1,259.008,-274.375
3660,2,484.964,560.226
3660,3,-160.98,334.541
3670,0,-309.968,-182.014
3670,1,259.769,-275.234
3670,2,486.26,561.718
3670,3,-161.509,335.487
3680,0,-310.892,-182.57
3680,1,260.53,-276.093
3680,2,487.556,563.209
3680,3,-162.038,336.433
3690,0,-311.816,-183.125
3690,1,261.292,-276.952
3690,2,488.853,564.701
3690,3,-162.567,337.379
3700,0,-312.74,-183.681
3700,1,262.053,-277.811
3700,2,490.149,566.193
3700,3,-163.096,338.326
3710,0,-313.664,-184.237
3710,1,262.815,-278.67
3710,2,491.446,567.684
3710,3,-163.625,339.272
3720,0,-314.588,-184.792
3720,1,263.577,-279.529
3720,2,492.742,569.176
3720,3,-164.154,340.218
3730,0,-315.512,-185.348
3730,1,264.338,-280.389
3730,2,494.039,570.668
3730,3,-164.683,341.165
3740,0,-316.436,-185.904
3740,1,265.1,-281.248
3740,2,495.336,572.16
3740,3,-165.212,342.111
3750,0,-317.361,-186.46
3750,1,265.862,-282.107
3750,2,496.632,573.651
3750,3,-165.741,343.058
3760,0,-318.285,-187.015
3760,1,266.624,-282.967
3760,2,497.929,575.143
3760,3,-166.27,344.004
3770,0,-319.21,-187.571
3770,1,267.386,-283.826
3770,2,499.226,576.635
3770,3,-166.799,344.951
3780,0,-320.134,-188.127
3780,1,268.148,-284.686
3780,2,500.522,578.127
3780,3,-167.328,345.898
3790,0,-321.059,-188.683
3790,1,268.91,-285.545
3790,2,501.819,579.619
3790,3,-167.857,346.844
3800,0,-321.983,-189.239
3800,1,269.672,-286.405
3800,2,503.116,581.111
3800,3,-168.387,347.791
3810,0,-322.908,-189.795
3810,1,270.435,-287.265
3810,2,504.413,582.603
3810,3,-168.916,348.738
3820,0,-323.833,-190.351
3820,1,271.197,-288.124
3820,2,505.71,584.095
3820,3,-169.445,349.685
3830,0,-324.758,-190.907
3830,1,271.959,-288.984
3830,2,507.007,585.587
3830,3,-169.974,350.633
3840,0,-325.683,-191.463
3840,1,272.722,-289.844
3840,2,508.304,587.079
3840,3,-170.503,351.58
3850,0,-326.607,-192.02
3850,1,273.484,-290.703
3850,2,509.601,588.572
3850,3,-171.033,352.527
3860,0,-327.533,-192.576
3860,1,274.247,-291.563
3860,2,510.898,590.064
3860,3,-171.562,353.474
3870,0,-328.458,-193.132
3870,1,275.009,-292.423
3870,2,512.195,591.556
3870,3,-172.091,354.422
3880,0,-329.383,-193.688
3880,1,275.772,-293.283
3880,2,513.492,593.048
3880,3,-172.621,355.369
3890,0,-330.308,-194.245
3890,1,276.534,-294.143
3890,2,514.789,594.541
3890,3,-173.15,356.317
3900,0,-331.233,-194.801
3900,1,277.297,-295.003
3900,2,516.087,596.033
3900,3,-173.68,357.265
3910,0,-332.159,-195.357
3910,1,278.06,-295.863
3910,2,517.384,597.525
3910,3,-174.209,358.212
3920,0,-333.084,-195.914
3920,1,278.823,-296.723
3920,2,518.681,599.018
3920,3,-174.739,359.16
3930,0,-334.009,-196.47
3930,1,279.586,-297.583
3930,2,519.978,600.51
3930,3,-175.268,360.108
3940,0,-334.935,-197.026
3940,1,280.349,-298.443
3940,2,521.276,602.003
3940,3,-175.797,361.056
3950,0,-335.86,-197.583
3950,1,281.112,-299.303
3950,2,522.573,603.495
3950,3,-176.327,362.004
3960,0,-336.786,-198.139
3960,1,281.875,-300.163
3960,2,523.871,604.988
3960,3,-176.857,362.952
3970,0,-337.712,-198.696
3970,1,282.638,-301.023
3970,2,525.168,606.481
3970,3,-177.386,363.9
3980,0,-338.638,-199.252
3980,1,283.401,-301.884
3980,2,526.466,607.973
3980,3,-177.916,364.848
3990,0,-339.563,-199.809
3990,1,284.164,-302.744
3990,2,527.763,609.466
3990,3,-178.445,365.796
4000,0,-340.489,-200.366
4000,1,284.928,-303.604
4000,2,529.061,610.959
4000,3,-178.975,366.745
4010,0,-341.415,-200.922
4010,1,285.691,-304.464
4010,2,530.358,612.451
4010,3,-179.505,367.693
4020,0,-342.341,-201.479
4020,1,286.454,-305.325
4020,2,531.656,613.944
4020,3,-180.034,368.642
4030,0,-343.267,-202.036
4030,1,287.218,-306.185
4030,2,532.954,615.437
4030,3,-180.564,369.59
4040,0,-344.193,-202.592
4040,1,287.981,-307.046
4040,2,534.251,616.93
4040,3,-181.094,370.539
4050,0,-345.119,-203.149
4050,1,288.745,-307.906
4050,2,535.549,618.423
4050,3,-181.623,371.487
4060,0,-346.046,-203.706
4060,1,289.508,-308.767
4060,2,536.847,619.916
4060,3,-182.153,372.436
4070,0,-346.972,-204.263
4070,1,290.272,-309.627
4070,2,538.145,621.409
4070,3,-182.683,373.385
4080,0,-347.898,-204.82
4080,1,291.036,-310.488
4080,2,539.442,622.902
4080,3,-183.213,374.334
4090,0,-348.824,-205.377
4090,1,291.799,-311.348
4090,2,540.74,624.395
4090,3,-183.742,375.283
4100,0,-349.751,-205.933
4100,1,292.563,-312.209
4100,2,542.038,625.888
4100,3,-184.272,376.232
4110,0,-350.677,-206.49
4110,1,293.327,-313.07
4110,2,543.336,627.381
4110,3,-184.802,377.181
4120,0,-351.604,-207.047
4120,1,294.091,-313.93
4120,2,544.634,628.874
4120,3,-185.332,378.13
4130,0,-352.53,-207.604
4130,1,294.855,-314.791
4130,2,545.932,630.367
4130,3,-185.862,379.079
4140,0,-353.457,-208.161
4140,1,295.619,-315.652
4140,2,547.23,631.86
4140,3,-186.392,380.028
4150,0,-354.384,-208.718
4150,1,296.383,-316.513
4150,2,548.528,633.353
4150,3,-186.922,380.978
4160,0,-355.311,-209.276
4160,1,297.147,-317.374
4160,2,549.826,634.847
4160,3,-187.451,381.927
4170,0,-356.237,-209.833
4170,1,297.911,-318.234
4170,2,551.124,636.34
4170,3,-187.981,382.876
4180,0,-357.164,-210.39
4180,1,298.675,-319.095
4180,2,552.422,637.833
4180,3,-188.511,383.826
4190,0,-358.091,-210.947
4190,1,299.44,-319.956
4190,2,553.721,639.327
4190,3,-189.041,384.775
4200,0,-359.018,-211.504
4200,1,300.204,-320.817
4200,2,555.019,640.82
4200,3,-189.571,385.725
4210,0,-359.945,-212.061
4210,1,300.968,-321.678
4210,2,556.317,642.313
4210,3,-190.101,386.675
4220,0,-360.872,-212.619
4220,1,301.733,-322.539
4220,2,557.615,643.807
4220,3,-190.631,387.624
4230,0,-361.799,-213.176
4230,1,302.497,-323.4
4230,2,558.914,645.3
4230,3,-191.161,388.574
4240,0,-362.726,-213.733
4240,1,303.262,-324.261
4240,2,560.212,646.794
4240,3,-191.692,389.524
4250,0,-363.653,-214.29
4250,1,304.026,-325.123
4250,2,561.51,648.287
4250,3,-192.222,390.474
4260,0,-364.581,-214.848
4260,1,304.791,-325.984
4260,2,562.809,649.781
4260,3,-192.752,391.424
4270,0,-365.508,-215.405
4270,1,305.555,-326.845
4270,2,564.107,651.274
4270,3,-193.282,392.374
4280,0,-366.435,-215.963
4280,1,306.32,-327.706
4280,2,565.406,652.768
4280,3,-193.812,393.324
4290,0,-367.363,-216.52
4290,1,307.085,-328.567
4290,2,566.704,654.262
4290,3,-194.342,394.274
4300,0,-368.29,-217.077
4300,1,307.849,-329.429
4300,2,568.002,655.755
4300,3,-194.872,395.224
4310,0,-369.218,-217.635
4310,1,308.614,-330.29
4310,2,569.301,657.249
4310,3,-195.403,396.174
4320,0,-370.145,-218.192
4320,1,309.379,-331.151
4320,2,570.6,658.743
4320,3,-195.933,397.125
4330,0,-371.073,-218.75
4330,1,310.144,-332.013
4330,2,571.898,660.237
4330,3,-196.463,398.075
4340,0,-372,-219.308
4340,1,310.909,-332.874
4340,2,573.197,661.73
4340,3,-196.993,399.025
4350,0,-372.928,-219.865
4350,1,311.674,-333.735
4350,2,574.495,663.224
4350,3,-197.524,399.976
4360,0,-373.856,-220.423
4360,1,312.439,-334.597
4360,2,575.794,664.718
4360,3,-198.054,400.926
4370,0,-374.784,-220.98
4370,1,313.204,-335.458
4370,2,577.093,666.212
4370,3,-198.584,401.877
4380,0,-375.711,-221.538
4380,1,313.969,-336.32
4380,2,578.392,667.706
4380,3,-199.114,402.828
4390,0,-376.639,-222.096
4390,1,314.734,-337.181
4390,2,579.69,669.2
4390,3,-199.645,403.778
4400,0,-377.567,-222.653
4400,1,315.499,-338.043
4400,2,580.989,670.694
4400,3,-200.175,404.729
4410,0,-378.495,-223.211
4410,1,316.265,-338.905
4410,2,582.288,672.188
4410,3,-200.706,405.68
4420,0,-379.423,-223.769
4420,1,317.03,-339.766
4420,2,583.587,673.682
4420,3,-201.236,406.631
4430,0,-380.351,-224.327
4430,1,317.795,-340.628
4430,2,584.886,675.176
4430,3,-201.766,407.582
4440,0,-381.279,-224.885
4440,1,318.561,-341.49
4440,2,586.185,676.67
4440,3,-202.297,408.533
4450,0,-382.208,-225.442
4450,1,319.326,-342.351
4450,2,587.483,678.164
4450,3,-202.827,409.484
4460,0,-383.136,-226
4460,1,320.091,-343.213
4460,2,588.782,679.658
4460,3,-203.358,410.435
4470,0,-384.064,-226.558
4470,1,320.857,-344.075
4470,2,590.081,681.152
4470,3,-203.888,411.386
4480,0,-384.992,-227.116
4480,1,321.622,-344.937
4480,2,591.38,682.646
4480,3,-204.419,412.337
4490,0,-385.921,-227.674
4490,1,322.388,-345.798
4490,2,592.679,684.14
4490,3,-204.949,413.288
4500,0,-386.849,-228.232
4500,1,323.154,-346.66
4500,2,593.978,685.635
4500,3,-205.48,414.239
4510,0,-387.777,-228.79
4510,1,323.919,-347.522
4510,2,595.278,687.129
4510,3,-206.01,415.191
4520,0,-388.706,-229.348
4520,1,324.685,-348.384
4520,2,596.577,688.623
4520,3,-206.541,416.142
4530,0,-389.634,-229.906
4530,1,325.451,-349.246
4530,2,597.876,690.118
4530,3,-207.071,417.093
4540,0,-390.563,-230.464
4540,1,326.217,-350.108
4540,2,599.175,691.612
4540,3,-207.602,418.045
4550,0,-391.491,-231.022
4550,1,326.982,-350.97
4550,2,600.474,693.106
4550,3,-208.132,418.996
4560,0,-392.42,-231.58
4560,1,327.748,-351.832
4560,2,601.773,694.601
4560,3,-208.663,419.948
4570,0,-393.349,-232.138
4570,1,328.514,-352.694
4570,2,603.073,696.095
4570,3,-209.194,420.9
4580,0,-394.278,-232.696
4580,1,329.28,-353.556
4580,2,604.372,697.59
4580,3,-209.724,421.851
4590,0,-395.206,-233.254
4590,1,330.046,-354.418
4590,2,605.671,699.084
4590,3,-210.255,422.803
4600,0,-396.135,-233.813
4600,1,330.812,-355.28
4600,2,606.97,700.579
4600,3,-210.786,423.755
4610,0,-397.064,-234.371
4610,1,331.578,-356.142
4610,2,608.27,702.073
4610,3,-211.316,424.707
4620,0,-397.993,-234.929
4620,1,332.344,-357.004
4620,2,609.569,703.568
4620,3,-211.847,425.659
4630,0,-398.922,-235.487
4630,1,333.11,-357.867
4630,2,610.869,705.062
4630,3,-212.378,426.611
4640,0,-399.851,-236.046
4640,1,333.876,-358.729
4640,2,612.168,706.557
4640,3,-212.908,427.562
4650,0,-400.78,-236.604
4650,1,334.643,-359.591
4650,2,613.467,708.051
4650,3,-213.439,428.515
4660,0,-401.709,-237.162
4660,1,335.409,-360.453
4660,2,614.767,709.546
4660,3,-213.97,429.467
4670,0,-402.638,-237.721
4670,1,336.175,-361.316
4670,2,616.066,711.041
4670,3,-214.501,430.419
4680,0,-403.567,-238.279
4680,1,336.942,-362.178
4680,2,617.366,712.535
4680,3,-215.032,431.371
4690,0,-404.496,-238.837
4690,1,337.708,-363.04
4690,2,618.665,714.03
4690,3,-215.562,432.323
4700,0,-405.425,-239.396
4700,1,338.474,-363.903
4700,2,619.965,715.525
4700,3,-216.093,433.275
4710,0,-406.355,-239.954
4710,1,339.241,-364.765
4710,2,621.265,717.02
4710,3,-216.624,434.228
4720,0,-407.284,-240.513
4720,1,340.007,-365.627
4720,2,622.564,718.514
4720,3,-217.155,435.18
4730,0,-408.213,-241.071
4730,1,340.774,-366.49
4730,2,623.864,720.009
4730,3,-217.686,436.132
4740,0,-409.143,-241.629
4740,1,341.54,-367.352
4740,2,625.164,721.504
4740,3,-218.217,437.085
4750,0,-410.072,-242.188
4750,1,342.307,-368.215
4750,2,626.463,722.999
4750,3,-218.748,438.037
4760,0,-411.002,-242.747
4760,1,343.073,-369.077
4760,2,627.763,724.494
4760,3,-219.278,438.99
4770,0,-411.931,-243.305
4770,1,343.84,-369.94
4770,2,629.063,725.989
4770,3,-219.809,439.943
4780,0,-412.861,-243.864
4780,1,344.607,-370.802
4780,2,630.362,727.484
4780,3,-220.34,440.895
4790,0,-413.79,-244.422
4790,1,345.374,-371.665
4790,2,631.662,728.979
4790,3,-220.871,441.848
4800,0,-414.72,-244.981
4800,1,346.14,-372.528
4800,2,632.962,730.474
4800,3,-221.402,442.801
4810,0,-415.65,-245.539
4810,1,346.907,-373.39
4810,2,634.262,731.969
4810,3,-221.933,443.753
4820,0,-416.579,-246.098
4820,1,347.674,-374.253
4820,2,635.562,733.464
4820,3,-222.464,444.706
4830,0,-417.509,-246.657
4830,1,348.441,-375.116
4830,2,636.862,734.959
4830,3,-222.995,445.659
4840,0,-418.439,-247.215
4840,1,349.208,-375.978
4840,2,638.161,736.454
4840,3,-223.526,446.612
4850,0,-419.369,-247.774
4850,1,349.975,-376.841
4850,2,639.461,737.949
4850,3,-224.057,447.565
4860,0,-420.298,-248.333
4860,1,350.742,-377.704
4860,2,640.761,739.444
4860,3,-224.588,448.518
4870,0,-421.228,-248.892
4870,1,351.509,-378.566
4870,2,642.061,740.939
4870,3,-225.119,449.471
4880,0,-422.158,-249.45
4880,1,352.276,-379.429
4880,2,643.361,742.434
4880,3,-225.65,450.424
4890,0,-423.088,-250.009
4890,1,353.043,-380.292
4890,2,644.661,743.93
4890,3,-226.182,451.377
4900,0,-424.018,-250.568
4900,1,353.81,-381.155
4900,2,645.961,745.425
4900,3,-226.713,452.33
4910,0,-424.948,-251.127
4910,1,354.577,-382.018
4910,2,647.261,746.92
4910,3,-227.244,453.284
4920,0,-425.878,-251.686
4920,1,355.344,-382.881
4920,2,648.561,748.415
4920,3,-227.775,454.237
4930,0,-426.808,-252.245
4930,1,356.111,-383.744
4930,2,649.862,749.911
4930,3,-228.306,455.19
4940,0,-427.738,-252.804
4940,1,356.879,-384.607
4940,2,651.162,751.406
4940,3,-228.837,456.143
4950,0,-428.669,-253.362
4950,1,357.646,-385.469
4950,2,652.462,752.901
4950,3,-229.368,457.097
4960,0,-429.599,-253.921
4960,1,358.413,-386.332
4960,2,653.762,754.396
4960,3,-229.9,458.05
4970,0,-430.529,-254.48
4970,1,359.181,-387.195
4970,2,655.062,755.892
4970,3,-230.431,459.004
4980,0,-431.459,-255.039
4980,1,359.948,-388.058
4980,2,656.362,757.387
4980,3,-230.962,459.957
4990,0,-432.39,-255.598
4990,1,360.715,-388.922
4990,2,657.663,758.883
4990,3,-231.493,460.911
5000,0,-433.32,-256.157
5000,1,361.483,-389.785
5000,2,658.963,760.378
5000,3,-232.024,461.864
5010,0,-434.25,-256.716
5010,1,362.25,-390.648
5010,2,660.263,761.874
5010,3,-232.556,462.818
5020,0,-435.181,-257.275
5020,1,363.018,-391.511
5020,2,661.563,763.369
5020,3,-233.087,463.772
5030,0,-436.111,-257.834
5030,1,363.785,-392.374
5030,2,662.864,764.865
5030,3,-233.618,464.725
5040,0,-437.042,-258.393
5040,1,364.553,-393.237
5040,2,664.164,766.36
5040,3,-234.149,465.679
5050,0,-437.972,-258.953
5050,1,365.321,-394.1
5050,2,665.464,767.856
5050,3,-234.681,466.633
5060,0,-438.903,-259.512
5060,1,366.088,-394.963
5060,2,666.765,769.351
5060,3,-235.212,467.587
5070,0,-439.833,-260.071
5070,1,366.856,-395.827
5070,2,668.065,770.847
5070,3,-235.743,468.541
5080,0,-440.764,-260.63
5080,1,367.624,-396.69
5080,2,669.366,772.342
5080,3,-236.275,469.495
5090,0,-441.695,-261.189
5090,1,368.391,-397.553
5090,2,670.666,773.838
5090,3,-236.806,470.449
5100,0,-442.625,-261.748
5100,1,369.159,-398.416
5100,2,671.966,775.334
5100,3,-237.337,471.403
5110,0,-443.556,-262.308
5110,1,369.927,-399.28
5110,2,673.267,776.829
5110,3,-237.869,472.357
5120,0,-444.487,-262.867
5120,1,370.695,-400.143
5120,2,674.567,778.325
5120,3,-238.4,473.311
5130,0,-445.418,-263.426
5130,1,371.463,-401.006
5130,2,675.868,779.821
5130,3,-238.932,474.265
5140,0,-446.349,-263.985
5140,1,372.23,-401.87
5140,2,677.169,781.316
5140,3,-239.463,475.219
5150,0,-447.279,-264.545
5150,1,372.998,-402.733
5150,2,678.469,782.812
5150,3,-239.994,476.173
5160,0,-448.21,-265.104
5160,1,373.766,-403.596
5160,2,679.77,784.308
5160,3,-240.526,477.127
5170,0,-449.141,-265.663
5170,1,374.534,-404.46
5170,2,681.07,785.804
5170,3,-241.057,478.082
5180,0,-450.072,-266.222
5180,1,375.302,-405.323
5180,2,682.371,787.3
5180,3,-241.589,479.036
5190,0,-451.003,-266.782
5190,1,376.07,-406.187
5190,2,683.672,788.795
5190,3,-242.12,479.99
5200,0,-451.934,-267.341
5200,1,376.838,-407.05
5200,2,684.972,790.291
5200,3,-242.652,480.945
5210,0,-452.865,-267.901
5210,1,377.607,-407.914
5210,2,686.273,791.787
5210,3,-243.183,481.899
5220,0,-453.796,-268.46
5220,1,378.375,-408.777
5220,2,687.574,793.283
5220,3,-243.715,482.854
5230,0,-454.728,-269.019
5230,1,379.143,-409.641
5230,2,688.874,794.779
5230,3,-244.246,483.808
5240,0,-455.659,-269.579
5240,1,379.911,-410.504
5240,2,690.175,796.275
5240,3,-244.778,484.763
5250,0,-456.59,-270.138
5250,1,380.679,-411.368
5250,2,691.476,797.771
5250,3,-245.309,485.717
5260,0,-457.521,-270.698
5260,1,381.448,-412.232
5260,2,692.777,799.267
5260,3,-245.841,486.672
5270,0,-458.452,-271.257
5270,1,382.216,-413.095
5270,2,694.077,800.763
5270,3,-246.373,487.627
5280,0,-459.384,-271.817
5280,1,382.984,-413.959
5280,2,695.378,802.259
5280,3,-246.904,488.581
5290,0,-460.315,-272.376
5290,1,383.752,-414.823
5290,2,696.679,803.755
5290,3,-247.436,489.536
5300,0,-461.246,-272.936
5300,1,384.521,-415.686
5300,2,697.98,805.251
5300,3,-247.967,490.491
5310,0,-462.178,-273.495
5310,1,385.289,-416.55
5310,2,699.281,806.747
5310,3,-248.499,491.446
5320,0,-463.109,-274.055
5320,1,386.058,-417.414
5320,2,700.582,808.243
5320,3,-249.031,492.4
5330,0,-464.041,-274.615
5330,1,386.826,-418.277
5330,2,701.883,809.739
5330,3,-249.562,493.355
5340,0,-464.972,-275.174
5340,1,387.595,-419.141
5340,2,703.183,811.235
5340,3,-250.094,494.31
5350,0,-465.904,-275.734
5350,1,388.363,-420.005
5350,2,704.484,812.731
5350,3,-250.625,495.265
5360,0,-466.835,-276.293
5360,1,389.132,-420.869
5360,2,705.785,814.227
5360,3,-251.157,496.22
5370,0,-467.767,-276.853
5370,1,389.9,-421.732
5370,2,707.086,815.724
5370,3,-251.689,497.175
5380,0,-468.698,-277.413
5380,1,390.669,-422.596
5380,2,708.387,817.22
5380,3,-252.22,498.13
5390,0,-469.63,-277.972
5390,1,391.437,-423.46
5390,2,709.688,818.716
5390,3,-252.752,499.085
5400,0,-470.562,-278.532
5400,1,392.206,-424.324
5400,2,710.989,820.212
5400,3,-253.284,500.04
5410,0,-471.493,-279.092
5410,1,392.975,-425.188
5410,2,712.29,821.708
5410,3,-253.816,500.996
5420,0,-472.425,-279.652
5420,1,393.743,-426.052
5420,2,713.592,823.205
5420,3,-254.347,501.951
5430,0,-473.357,-280.211
5430,1,394.512,-426.916
5430,2,714.893,824.701
5430,3,-254.879,502.906
5440,0,-474.289,-280.771
5440,1,395.281,-427.78
5440,2,716.194,826.197
5440,3,-255.411,503.861
5450,0,-475.22,-281.331
5450,1,396.05,-428.644
5450,2,717.495,827.694
5450,3,-255.943,504.817
5460,0,-476.152,-281.891
5460,1,396.819,-429.508
5460,2,718.796,829.19
5460,3,-256.474,505.772
5470,0,-477.084,-282.45
5470,1,397.587,-430.372
5470,2,720.097,830.686
5470,3,-257.006,506.727
5480,0,-478.016,-283.01
5480,1,398.356,-431.236
5480,2,721.398,832.183
5480,3,-257.538,507.683
5490,0,-478.948,-283.57
5490,1,399.125,-432.1
5490,2,722.7,833.679
5490,3,-258.07,508.638
5500,0,-479.88,-284.13
5500,1,399.894,-432.964
5500,2,724.001,835.176
5500,3,-258.602,509.594
5510,0,-480.812,-284.69
5510,1,400.663,-433.828
5510,2,725.302,836.672
5510,3,-259.133,510.549
5520,0,-481.744,-285.25
5520,1,401.432,-434.692
5520,2,726.603,838.168
5520,3,-259.665,511.505
5530,0,-482.676,-285.81
5530,1,402.201,-435.556
5530,2,727.905,839.665
5530,3,-260.197,512.46
5540,0,-483.608,-286.37
5540,1,402.97,-436.42
5540,2,729.206,841.161
5540,3,-260.729,513.416
5550,0,-484.54,-286.93
5550,1,403.739,-437.284
5550,2,730.507,842.658
5550,3,-261.261,514.372
5560,0,-485.472,-287.489
5560,1,404.508,-438.148
5560,2,731.808,844.154
5560,3,-261.793,515.327
5570,0,-486.404,-288.049
5570,1,405.277,-439.013
5570,2,733.11,845.651
5570,3,-262.325,516.283
5580,0,-487.336,-288.609
5580,1,406.046,-439.877
5580,2,734.411,847.147
5580,3,-262.857,517.239
5590,0,-488.269,-289.169
5590,1,406.816,-440.741
5590,2,735.713,848.644
5590,3,-263.389,518.194
5600,0,-489.201,-289.729
5600,1,407.585,-441.605
5600,2,737.014,850.141
5600,3,-263.92,519.15
5610,0,-490.133,-290.289
5610,1,408.354,-442.469
5610,2,738.315,851.637
5610,3,-264.452,520.106
5620,0,-491.065,-290.849
5620,1,409.123,-443.334
5620,2,739.617,853.134
5620,3,-264.984,521.062
5630,0,-491.998,-291.41
5630,1,409.892,-444.198
5630,2,740.918,854.631
5630,3,-265.516,522.018
5640,0,-492.93,-291.97
5640,1,410.662,-445.062
5640,2,742.22,856.127
5640,3,-266.048,522.974
5650,0,-493.863,-292.53
5650,1,411.431,-445.927
5650,2,743.521,857.624
5650,3,-266.58,523.93
5660,0,-494.795,-293.09
5660,1,412.2,-446.791
5660,2,744.823,859.121
5660,3,-267.112,524.886
5670,0,-495.727,-293.65
5670,1,412.97,-447.655
5670,2,746.124,860.617
5670,3,-267.644,525.842
5680,0,-496.66,-294.21
5680,1,413.739,-448.52
5680,2,747.426,862.114
5680,3,-268.176,526.798
5690,0,-497.592,-294.77
5690,1,414.509,-449.384
5690,2,748.727,863.611
5690,3,-268.708,527.754
5700,0,-498.525,-295.33
5700,1,415.278,-450.248
5700,2,750.029,865.107
5700,3,-269.24,528.71
5710,0,-499.457,-295.89
5710,1,416.048,-451.113
5710,2,751.33,866.604
5710,3,-269.772,529.666
5720,0,-500.39,-296.451
5720,1,416.817,-451.977
5720,2,752.632,868.101
5720,3,-270.304,530.622
5730,0,-501.322,-297.011
5730,1,417.587,-452.842
5730,2,753.934,869.598
5730,3,-270.836,531.579
5740,0,-502.255,-297.571
5740,1,418.356,-453.706
5740,2,755.235,871.095
5740,3,-271.369,532.535
5750,0,-503.188,-298.131
5750,1,419.126,-454.571
5750,2,756.537,872.591
5750,3,-271.901,533.491
5760,0,-504.12,-298.692
5760,1,419.895,-455.435
5760,2,757.838,874.088
5760,3,-272.433,534.448
5770,0,-505.053,-299.252
5770,1,420.665,-456.3
5770,2,759.14,875.585
5770,3,-272.965,535.404
5780,0,-505.986,-299.812
5780,1,421.434,-457.164
5780,2,760.442,877.082
5780,3,-273.497,536.36
5790,0,-506.919,-300.372
5790,1,422.204,-458.029
5790,2,761.744,878.579
5790,3,-274.029,537.317
5800,0,-507.851,-300.933
5800,1,422.974,-458.893
5800,2,763.045,880.076
5800,3,-274.561,538.273
5810,0,-508.784,-301.493
5810,1,423.743,-459.758
5810,2,764.347,881.573
5810,3,-275.093,539.23
5820,0,-509.717,-302.053
5820,1,424.513,-460.622
5820,2,765.649,883.07
5820,3,-275.625,540.186
5830,0,-510.65,-302.614
5830,1,425.283,-461.487
5830,2,766.95,884.567
5830,3,-276.158,541.143
5840,0,-511.583,-303.174
5840,1,426.053,-462.352
5840,2,768.252,886.064
5840,3,-276.69,542.099
5850,0,-512.516,-303.734
5850,1,426.823,-463.216
5850,2,769.554,887.561
5850,3,-277.222,543.056
5860,0,-513.449,-304.295
5860,1,427.592,-464.081
5860,2,770.856,889.058
5860,3,-277.754,544.012
5870,0,-514.381,-304.855
5870,1,428.362,-464.946
5870,2,772.158,890.555
5870,3,-278.286,544.969
5880,0,-515.314,-305.416
5880,1,429.132,-465.81
5880,2,773.46,892.052
5880,3,-278.819,545.926
5890,0,-516.247,-305.976
5890,1,429.902,-466.675
5890,2,774.761,893.549
5890,3,-279.351,546.882
5900,0,-517.18,-306.536
5900,1,430.672,-467.54
5900,2,776.063,895.046
5900,3,-279.883,547.839
5910,0,-518.114,-307.097
5910,1,431.442,-468.404
5910,2,777.365,896.543
5910,3,-280.415,548.796
5920,0,-519.047,-307.657
5920,1,432.212,-469.269
5920,2,778.667,898.04
5920,3,-280.947,549.753
5930,0,-519.98,-308.218
5930,1,432.982,-470.134
5930,2,779.969,899.537
5930,3,-281.48,550.71
5940,0,-520.913,-308.778
5940,1,433.752,-470.999
5940,2,781.271,901.034
5940,3,-282.012,551.666
5950,0,-521.846,-309.339
5950,1,434.522,-471.863
5950,2,782.573,902.532
5950,3,-282.544,552.623
5960,0,-522.779,-309.899
5960,1,435.292,-472.728
5960,2,783.875,904.029
5960,3,-283.076,553.58
5970,0,-523.712,-310.46
5970,1,436.062,-473.593
5970,2,785.177,905.526
5970,3,-283.609,554.537
5980,0,-524.646,-311.02
5980,1,436.832,-474.458
5980,2,786.479,907.023
5980,3,-284.141,555.494
5990,0,-525.579,-311.581
5990,1,437.602,-475.323
5990,2,787.781,908.52
5990,3,-284.673,556.451
6000,0,-526.512,-312.141
6000,1,438.372,-476.188
6000,2,789.083,910.017
6000,3,-285.206,557.408
6010,0,-527.445,-312.702
6010,1,439.142,-477.053
6010,2,790.385,911.515
6010,3,-285.738,558.365
6020,0,-528.379,-313.263
6020,1,439.913,-477.917
6020,2,791.687,913.012
6020,3,-286.27,559.322
6030,0,-529.312,-313.823
6030,1,440.683,-478.782
6030,2,792.989,914.509
6030,3,-286.803,560.279
6040,0,-530.245,-314.384
6040,1,441.453,-479.647
6040,2,794.291,916.007
6040,3,-287.335,561.237
6050,0,-531.179,-314.945
6050,1,442.223,-480.512
6050,2,795.593,917.504
6050,3,-287.867,562.194
6060,0,-532.112,-315.505
6060,1,442.994,-481.377
6060,2,796.895,919.001
6060,3,-288.4,563.151
6070,0,-533.046,-316.066
6070,1,443.764,-482.242
6070,2,798.197,920.498
6070,3,-288.932,564.108
6080,0,-533.979,-316.626
6080,1,444.534,-483.107
6080,2,799.5,921.996
6080,3,-289.465,565.065
6090,0,-534.913,-317.187
6090,1,445.305,-483.972
6090,2,800.802,923.493
6090,3,-289.997,566.023
6100,0,-535.846,-317.748
6100,1,446.075,-484.837
6100,2,802.104,924.991
6100,3,-290.529,566.98
6110,0,-536.78,-318.309
6110,1,446.845,-485.702
6110,2,803.406,926.488
6110,3,-291.062,567.937
6120,0,-537.713,-318.869
6120,1,447.616,-486.567
6120,2,804.708,927.985
6120,3,-291.594,568.895
6130,0,-538.647,-319.43
6130,1,448.386,-487.432
6130,2,806.01,929.483
6130,3,-292.127,569.852
6140,0,-539.58,-319.991
6140,1,449.157,-488.297
6140,2,807.313,930.98
6140,3,-292.659,570.809
6150,0,-540.514,-320.552
6150,1,449.927,-489.162
6150,2,808.615,932.478
6150,3,-293.191,571.767
6160,0,-541.448,-321.112
6160,1,450.698,-490.028
6160,2,809.917,933.975
6160,3,-293.724,572.724
6170,0,-542.381,-321.673
6170,1,451.468,-490.893
6170,2,811.219,935.473
6170,3,-294.256,573.682
6180,0,-543.315,-322.234
6180,1,452.239,-491.758
6180,2,812.522,936.97
6180,3,-294.789,574.639
6190,0,-544.249,-322.795
6190,1,453.009,-492.623
6190,2,813.824,938.468
6190,3,-295.321,575.597
6200,0,-545.182,-323.355
6200,1,453.78,-493.488
6200,2,815.126,939.965
6200,3,-295.854,576.554
6210,0,-546.116,-323.916
6210,1,454.55,-494.353
6210,2,816.429,941.463
6210,3,-296.386,577.512
6220,0,-547.05,-324.477
6220,1,455.321,-495.218
6220,2,817.731,942.96
6220,3,-296.919,578.47
6230,0,-547.984,-325.038
6230,1,456.091,-496.084
6230,2,819.033,944.458
6230,3,-297.451,579.427
6240,0,-548.918,-325.599
6240,1,456.862,-496.949
6240,2,820.336,945.955
6240,3,-297.984,580.385
6250,0,-549.851,-326.16
6250,1,457.633,-497.814
6250,2,821.638,947.453
6250,3,-298.516,581.343
6260,0,-550.785,-326.721
6260,1,458.404,-498.679
6260,2,822.941,948.95
6260,3,-299.049,582.3
6270,0,-551.719,-327.282
6270,1,459.174,-499.545
6270,2,824.243,950.448
6270,3,-299.581,583.258
6280,0,-552.653,-327.842
6280,1,459.945,-500.41
6280,2,825.545,951.946
6280,3,-300.114,584.216
6290,0,-553.587,-328.403
6290,1,460.716,-501.275
6290,2,826.848,953.443
6290,3,-300.647,585.174
6300,0,-554.521,-328.964
6300,1,461.486,-502.14
6300,2,828.15,954.941
6300,3,-301.179,586.132
6310,0,-555.455,-329.525
6310,1,462.257,-503.006
6310,2,829.453,956.439
6310,3,-301.712,587.09
6320,0,-556.389,-330.086
6320,1,463.028,-503.871
6320,2,830.755,957.936
6320,3,-302.244,588.047
6330,0,-557.323,-330.647
6330,1,463.799,-504.736
6330,2,832.058,959.434
6330,3,-302.777,589.005
6340,0,-558.257,-331.208
6340,1,464.57,-505.602
6340,2,833.36,960.932
6340,3,-303.309,589.963
6350,0,-559.191,-331.769
6350,1,465.341,-506.467
6350,2,834.663,962.429
6350,3,-303.842,590.921
6360,0,-560.125,-332.33
6360,1,466.112,-507.332
6360,2,835.965,963.927
6360,3,-304.375,591.879
6370,0,-561.059,-332.891
6370,1,466.882,-508.198
6370,2,837.268,965.425
6370,3,-304.907,592.837
6380,0,-561.993,-333.452
6380,1,467.653,-509.063
6380,2,838.57,966.923
6380,3,-305.44,593.795
6390,0,-562.927,-334.013
6390,1,468.424,-509.929
6390,2,839.873,968.42
6390,3,-305.973,594.753
6400,0,-563.862,-334.574
6400,1,469.195,-510.794
6400,2,841.175,969.918
6400,3,-306.505,595.711
6410,0,-564.796,-335.135
6410,1,469.966,-511.659
6410,2,842.478,971.416
6410,3,-307.038,596.669
6420,0,-565.73,-335.696
6420,1,470.737,-512.525
6420,2,843.781,972.914
6420,3,-307.571,597.628
6430,0,-566.664,-336.257
6430,1,471.508,-513.39
6430,2,845.083,974.412
6430,3,-308.103,598.586
6440,0,-567.599,-336.819
6440,1,472.279,-514.256
6440,2,846.386,975.909
6440,3,-308.636,599.544
6450,0,-568.533,-337.38
6450,1,473.05,-515.121
6450,2,847.688,977.407
6450,3,-309.169,600.502
6460,0,-569.467,-337.941
6460,1,473.822,-515.987
6460,2,848.991,978.905
6460,3,-309.701,601.46
6470,0,-570.401,-338.502
6470,1,474.593,-516.852
6470,2,850.294,980.403
6470,3,-310.234,602.419
6480,0,-571.336,-339.063
6480,1,475.364,-517.718
6480,2,851.596,981.901
6480,3,-310.767,603.377
6490,0,-572.27,-339.624
6490,1,476.135,-518.583
6490,2,852.899,983.399
6490,3,-311.299,604.335
6500,0,-573.204,-340.185
6500,1,476.906,-519.449
6500,2,854.202,984.897
6500,3,-311.832,605.294
6510,0,-574.139,-340.747
6510,1,477.677,-520.315
6510,2,855.505,986.395
6510,3,-312.365,606.252
6520,0,-575.073,-341.308
6520,1,478.448,-521.18
6520,2,856.807,987.892
6520,3,-312.898,607.21
6530,0,-576.008,-341.869
6530,1,479.22,-522.046
6530,2,858.11,989.39
6530,3,-313.43,608.169
6540,0,-576.942,-342.43
6540,1,479.991,-522.911
6540,2,859.413,990.888
6540,3,-313.963,609.127
6550,0,-577.877,-342.991
6550,1,480.762,-523.777
6550,2,860.716,992.386
6550,3,-314.496,610.086
6560,0,-578.811,-343.553
6560,1,481.533,-524.643
6560,2,862.018,993.884
6560,3,-315.029,611.044
6570,0,-579.746,-344.114
6570,1,482.305,-525.508
6570,2,863.321,995.382
6570,3,-315.561,612.003
6580,0,-580.68,-344.675
6580,1,483.076,-526.374
6580,2,864.624,996.88
6580,3,-316.094,612.961
6590,0,-581.615,-345.236
6590,1,483.847,-527.24
6590,2,865.927,998.378
6590,3,-316.627,613.92
6600,0,-582.549,-345.798
6600,1,484.619,-528.105
6600,2,867.23,999.876
6600,3,-317.16,614.878
6610,0,-583.484,-346.359
6610,1,485.39,-528.971
6610,2,868.532,1001.37
6610,3,-317.693,615.837
6620,0,-584.418,-346.92
6620,1,486.161,-529.837
6620,2,869.835,1002.87
6620,3,-318.225,616.795
6630,0,-585.353,-347.481
6630,1,486.933,-530.702
6630,2,871.138,1004.37
6630,3,-318.758,617.754
6640,0,-586.288,-348.043
6640,1,487.704,-531.568
6640,2,872.441,1005.87
6640,3,-319.291,618.713
6650,0,-587.222,-348.604
6650,1,488.476,-532.434
6650,2,873.744,1007.37
6650,3,-319.824,619.671
6660,0,-588.157,-349.165
6660,1,489.247,-533.3
6660,2,875.047,1008.86
6660,3,-320.357,620.63
6670,0,-589.092,-349.727
6670,1,490.019,-534.165
6670,2,876.35,1010.36
6670,3,-320.89,621.589
6680,0,-590.027,-350.288
6680,1,490.79,-535.031
6680,2,877.653,1011.86
6680,3,-321.423,622.548
6690,0,-590.961,-350.849
6690,1,491.562,-535.897
6690,2,878.956,1013.36
6690,3,-321.955,623.506
6700,0,-591.896,-351.411
6700,1,492.333,-536.763
6700,2,880.258,1014.86
6700,3,-322.488,624.465
6710,0,-592.831,-351.972
6710,1,493.105,-537.628
6710,2,881.561,1016.36
6710,3,-323.021,625.424
6720,0,-593.766,-352.534
6720,1,493.876,-538.494
6720,2,882.864,1017.85
6720,3,-323.554,626.383
6730,0,-594.7,-353.095
6730,1,494.648,-539.36
6730,2,884.167,1019.35
6730,3,-324.087,627.342
6740,0,-595.635,-353.656
6740,1,495.419,-540.226
6740,2,885.47,1020.85
6740,3,-324.62,628.3
6750,0,-596.57,-354.218
6750,1,496.191,-541.092
6750,2,886.773,1022.35
6750,3,-325.153,629.259
6760,0,-597.505,-354.779
6760,1,496.963,-541.958
6760,2,888.076,1023.85
6760,3,-325.686,630.218
6770,0,-598.44,-355.341
6770,1,497.734,-542.824
6770,2,889.379,1025.34
6770,3,-326.219,631.177
6780,0,-599.375,-355.902
6780,1,498.506,-543.689
6780,2,890.682,1026.84
6780,3,-326.752,632.136
6790,0,-600.31,-356.464
6790,1,499.278,-544.555
6790,2,891.986,1028.34
6790,3,-327.284,633.095
6800,0,-601.245,-357.025
6800,1,500.049,-545.421
6800,2,893.289,1029.84
6800,3,-327.817,634.054
6810,0,-602.18,-357.587
6810,1,500.821,-546.287
6810,2,894.592,1031.34
6810,3,-328.35,635.013
6820,0,-603.115,-358.148
6820,1,501.593,-547.153
6820,2,895.895,1032.84
6820,3,-328.883,635.972
6830,0,-604.05,-358.71
6830,1,502.364,-548.019
6830,2,897.198,1034.33
6830,3,-329.416,636.931
6840,0,-604.985,-359.271
6840,1,503.136,-548.885
6840,2,898.501,1035.83
6840,3,-329.949,637.89
6850,0,-605.92,-359.833
6850,1,503.908,-549.751
6850,2,899.804,1037.33
6850,3,-330.482,638.85
6860,0,-606.855,-360.394
6860,1,504.68,-550.617
6860,2,901.107,1038.83
6860,3,-331.015,639.809
6870,0,-607.79,-360.956
6870,1,505.452,-551.483
6870,2,902.41,1040.33
6870,3,-331.548,640.768
6880,0,-608.725,-361.517
6880,1,506.223,-552.349
6880,2,903.713,1041.83
6880,3,-332.081,641.727
6890,0,-609.66,-362.079
6890,1,506.995,-553.215
6890,2,905.017,1043.32
6890,3,-332.614,642.686
6900,0,-610.595,-362.64
6900,1,507.767,-554.081
6900,2,906.32,1044.82
6900,3,-333.147,643.646
6910,0,-611.53,-363.202
6910,1,508.539,-554.947
6910,2,907.623,1046.32
6910,3,-333.68,644.605
6920,0,-612.466,-363.764
6920,1,509.311,-555.813
6920,2,908.926,1047.82
6920,3,-334.213,645.564
6930,0,-613.401,-364.325
6930,1,510.083,-556.679
6930,2,910.229,1049.32
6930,3,-334.746,646.523
6940,0,-614.336,-364.887
6940,1,510.855,-557.545
6940,2,911.533,1050.82
6940,3,-335.279,647.483
6950,0,-615.271,-365.448
6950,1,511.627,-558.411
6950,2,912.836,1052.31
6950,3,-335.812,648.442
6960,0,-616.206,-366.01
6960,1,512.399,-559.277
6960,2,914.139,1053.81
6960,3,-336.346,649.401
6970,0,-617.142,-366.572
6970,1,513.171,-560.144
6970,2,915.442,1055.31
6970,3,-336.879,650.361
6980,0,-618.077,-367.133
6980,1,513.943,-561.01
6980,2,916.746,1056.81
6980,3,-337.412,651.32
6990,0,-619.012,-367.695
6990,1,514.715,-561.876
6990,2,918.049,1058.31
6990,3,-337.945,652.28
7000,0,-619.948,-368.257
7000,1,515.487,-562.742
7000,2,919.352,1059.81
7000,3,-338.478,653.239
7010,0,-620.883,-368.818
7010,1,516.259,-563.608
7010,2,920.655,1061.31
7010,3,-339.011,654.198
7020,0,-621.818,-369.38
7020,1,517.031,-564.474
7020,2,921.959,1062.8
7020,3,-339.544,655.158
7030,0,-622.754,-369.942
7030,1,517.803,-565.34
7030,2,923.262,1064.3
7030,3,-340.077,656.117
7040,0,-623.689,-370.503
7040,1,518.575,-566.207
7040,2,924.565,1065.8
7040,3,-340.61,657.077
7050,0,-624.624,-371.065
7050,1,519.347,-567.073
7050,2,925.869,1067.3
7050,3,-341.143,658.036
7060,0,-625.56,-371.627
7060,1,520.119,-567.939
7060,2,927.172,1068.8
7060,3,-341.676,658.996
7070,0,-626.495,-372.189
7070,1,520.891,-568.805
7070,2,928.475,1070.3
7070,3,-342.21,659.956
7080,0,-627.431,-372.75
7080,1,521.663,-569.671
7080,2,929.779,1071.8
7080,3,-342.743,660.915
7090,0,-628.366,-373.312
7090,1,522.436,-570.538
7090,2,931.082,1073.29
7090,3,-343.276,661.875
7100,0,-629.302,-373.874
7100,1,523.208,-571.404
7100,2,932.386,1074.79
7100,3,-343.809,662.834
7110,0,-630.237,-374.436
7110,1,523.98,-572.27
7110,2,933.689,1076.29
7110,3,-344.342,663.794
7120,0,-631.173,-374.997
7120,1,524.752,-573.136
7120,2,934.992,1077.79
7120,3,-344.875,664.754
7130,0,-632.108,-375.559
7130,1,525.524,-574.003
7130,2,936.296,1079.29
7130,3,-345.408,665.714
7140,0,-633.044,-376.121
7140,1,526.297,-574.869
7140,2,937.599,1080.79
7140,3,-345.942,666.673
7150,0,-633.979,-376.683
7150,1,527.069,-575.735
7150,2,938.903,1082.29
7150,3,-346.475,667.633
7160,0,-634.915,-377.245
7160,1,527.841,-576.602
7160,2,940.206,1083.78
7160,3,-347.008,668.593
7170,0,-635.851,-377.806
7170,1,528.614,-577.468
7170,2,941.51,1085.28
7170,3,-347.541,669.552
7180,0,-636.786,-378.368
7180,1,529.386,-578.334
7180,2,942.813,1086.78
7180,3,-348.074,670.512
7190,0,-637.722,-378.93
7190,1,530.158,-579.201
7190,2,944.117,1088.28
7190,3,-348.608,671.472
7200,0,-638.657,-379.492
7200,1,530.931,-580.067
7200,2,945.42,1089.78
7200,3,-349.141,672.432
7210,0,-639.593,-380.054
7210,1,531.703,-580.933
7210,2,946.724,1091.28
7210,3,-349.674,673.392
7220,0,-640.529,-380.616
7220,1,532.475,-581.8
7220,2,948.027,1092.78
7220,3,-350.207,674.352
7230,0,-641.464,-381.177
7230,1,533.248,-582.666
7230,2,949.331,1094.28
7230,3,-350.74,675.312
7240,0,-642.4,-381.739
7240,1,534.02,-583.532
7240,2,950.634,1095.77
7240,3,-351.274,676.271
7250,0,-643.336,-382.301
7250,1,534.792,-584.399
7250,2,951.938,1097.27
7250,3,-351.807,677.231
7260,0,-644.272,-382.863
7260,1,535.565,-585.265
7260,2,953.241,1098.77
7260,3,-352.34,678.191
7270,0,-645.207,-383.425
7270,1,536.337,-586.132
7270,2,954.545,1100.27
7270,3,-352.873,679.151
7280,0,-646.143,-383.987
7280,1,537.11,-586.998
7280,2,955.848,1101.77
7280,3,-353.407,680.111
7290,0,-647.079,-384.549
7290,1,537.882,-587.865
7290,2,957.152,1103.27
7290,3,-353.94,681.071
7300,0,-648.015,-385.111
7300,1,538.655,-588.731
7300,2,958.456,1104.77
7300,3,-354.473,682.031
7310,0,-648.951,-385.673
7310,1,539.427,-589.597
7310,2,959.759,1106.27
7310,3,-355.007,682.991
7320,0,-649.886,-386.235
7320,1,540.2,-590.464
7320,2,961.063,1107.76
7320,3,-355.54,683.951
7330,0,-650.822,-386.797
7330,1,540.972,-591.33
7330,2,962.366,1109.26
7330,3,-356.073,684.912
7340,0,-651.758,-387.359
7340,1,541.745,-592.197
7340,2,963.67,1110.76
7340,3,-356.606,685.872
7350,0,-652.694,-387.921
7350,1,542.517,-593.063
7350,2,964.974,1112.26
7350,3,-357.14,686.832
7360,0,-653.63,-388.483
7360,1,543.29,-593.93
7360,2,966.277,1113.76
7360,3,-357.673,687.792
7370,0,-654.566,-389.045
7370,1,544.063,-594.796
7370,2,967.581,1115.26
7370,3,-358.206,688.752
7380,0,-655.502,-389.607
7380,1,544.835,-595.663
7380,2,968.885,1116.76
7380,3,-358.74,689.712
7390,0,-656.438,-390.169
7390,1,545.608,-596.53
7390,2,970.188,1118.26
7390,3,-359.273,690.672
7400,0,-657.374,-390.731
7400,1,546.38,-597.396
7400,2,971.492,1119.76
7400,3,-359.806,691.633
7410,0,-658.31,-391.293
7410,1,547.153,-598.263
7410,2,972.796,1121.25
7410,3,-360.34,692.593
7420,0,-659.246,-391.855
7420,1,547.926,-599.129
7420,2,974.099,1122.75
7420,3,-360.873,693.553
7430,0,-660.182,-392.417
7430,1,548.698,-599.996
7430,2,975.403,1124.25
7430,3,-361.406,694.513
7440,0,-661.118,-392.979
7440,1,549.471,-600.862
7440,2,976.707,1125.75
7440,3,-361.94,695.474
7450,0,-662.054,-393.541
7450,1,550.244,-601.729
7450,2,978.011,1127.25
7450,3,-362.473,696.434
7460,0,-662.99,-394.103
7460,1,551.016,-602.596
7460,2,979.314,1128.75
7460,3,-363.006,697.394
7470,0,-663.926,-394.665
7470,1,551.789,-603.462
7470,2,980.618,1130.25
7470,3,-363.54,698.355
7480,0,-664.862,-395.227
7480,1,552.562,-604.329
7480,2,981.922,1131.75
7480,3,-364.073,699.315
7490,0,-665.798,-395.789
7490,1,553.335,-605.195
7490,2,983.226,1133.25
7490,3,-364.607,700.275
7500,0,-666.734,-396.351
7500,1,554.107,-606.062
7500,2,984.529,1134.75
7500,3,-365.14,701.236
7510,0,-667.67,-396.913
7510,1,554.88,-606.929
7510,2,985.833,1136.24
7510,3,-365.673,702.196
7520,0,-668.607,-397.476
7520,1,555.653,-607.795
7520,2,987.137,1137.74
7520,3,-366.207,703.157
7530,0,-669.543,-398.038
7530,1,556.426,-608.662
7530,2,988.441,1139.24
7530,3,-366.74,704.117
7540,0,-670.479,-398.6
7540,1,557.199,-609.529
7540,2,989.745,1140.74
7540,3,-367.274,705.077
7550,0,-671.415,-399.162
7550,1,557.971,-610.395
7550,2,991.048,1142.24
7550,3,-367.807,706.038
7560,0,-672.351,-399.724
7560,1,558.744,-611.262
7560,2,992.352,1143.74
7560,3,-368.34,706.998
7570,0,-673.287,-400.286
7570,1,559.517,-612.129
7570,2,993.656,1145.24
7570,3,-368.874,707.959
7580,0,-674.224,-400.848
7580,1,560.29,-612.996
7580,2,994.96,1146.74
7580,3,-369.407,708.919
7590,0,-675.16,-401.411
7590,1,561.063,-613.862
7590,2,996.264,1148.24
7590,3,-369.941,709.88
7600,0,-676.096,-401.973
7600,1,561.836,-614.729
7600,2,997.568,1149.74
7600,3,-370.474,710.841
7610,0,-677.033,-402.535
7610,1,562.609,-615.596
7610,2,998.872,1151.23
7610,3,-371.008,711.801
7620,0,-677.969,-403.097
7620,1,563.382,-616.462
7620,2,1000.18,1152.73
7620,3,-371.541,712.762
7630,0,-678.905,-403.659
7630,1,564.155,-617.329
7630,2,1001.48,1154.23
7630,3,-372.074,713.722
7640,0,-679.841,-404.222
7640,1,564.928,-618.196
7640,2,1002.78,1155.73
7640,3,-372.608,714.683
7650,0,-680.778,-404.784
7650,1,565.701,-619.063
7650,2,1004.09,1157.23
7650,3,-373.141,715.644
7660,0,-681.714,-405.346
7660,1,566.474,-619.93
7660,2,1005.39,1158.73
7660,3,-373.675,716.604
7670,0,-682.651,-405.908
7670,1,567.247,-620.796
7670,2,1006.7,1160.23
7670,3,-374.208,717.565
7680,0,-683.587,-406.471
7680,1,568.02,-621.663
7680,2,1008,1161.73
7680,3,-374.742,718.526
7690,0,-684.523,-407.033
7690,1,568.793,-622.53
7690,2,1009.3,1163.23
7690,3,-375.275,719.486
7700,0,-685.46,-407.595
7700,1,569.566,-623.397
7700,2,1010.61,1164.73
7700,3,-375.809,720.447
7710,0,-686.396,-408.157
7710,1,570.339,-624.264
7710,2,1011.91,1166.23
7710,3,-376.342,721.408
7720,0,-687.333,-408.72
7720,1,571.112,-625.131
7720,2,1013.21,1167.73
7720,3,-376.876,722.369
7730,0,-688.269,-409.282
7730,1,571.885,-625.997
7730,2,1014.52,1169.22
7730,3,-377.409,723.33
7740,0,-689.205,-409.844
7740,1,572.658,-626.864
7740,2,1015.82,1170.72
7740,3,-377.943,724.29
7750,0,-690.142,-410.407
7750,1,573.431,-627.731
7750,2,1017.13,1172.22
7750,3,-378.476,725.251
7760,0,-691.078,-410.969
7760,1,574.204,-628.598
7760,2,1018.43,1173.72
7760,3,-379.01,726.212
7770,0,-692.015,-411.531
7770,1,574.977,-629.465
7770,2,1019.74,1175.22
7770,3,-379.544,727.173
7780,0,-692.951,-412.093
7780,1,575.75,-630.332
7780,2,1021.04,1176.72
7780,3,-380.077,728.134
7790,0,-693.888,-412.656
7790,1,576.524,-631.199
7790,2,1022.34,1178.22
7790,3,-380.611,729.095
7800,0,-694.825,-413.218
7800,1,577.297,-632.066
7800,2,1023.65,1179.72
7800,3,-381.144,730.055
7810,0,-695.761,-413.78
7810,1,578.07,-632.933
7810,2,1024.95,1181.22
7810,3,-381.678,731.016
7820,0,-696.698,-414.343
7820,1,578.843,-633.799
7820,2,1026.26,1182.72
7820,3,-382.211,731.977
7830,0,-697.634,-414.905
7830,1,579.616,-634.666
7830,2,1027.56,1184.22
7830,3,-382.745,732.938
7840,0,-698.571,-415.468
7840,1,580.39,-635.533
7840,2,1028.86,1185.72
7840,3,-383.278,733.899
7850,0,-699.508,-416.03
7850,1,581.163,-636.4
7850,2,1030.17,1187.22
7850,3,-383.812,734.86
7860,0,-700.444,-416.592
7860,1,581.936,-637.267
7860,2,1031.47,1188.72
7860,3,-384.346,735.821
7870,0,-701.381,-417.155
7870,1,582.709,-638.134
7870,2,1032.78,1190.21
7870,3,-384.879,736.782
7880,0,-702.317,-417.717
7880,1,583.483,-639.001
7880,2,1034.08,1191.71
7880,3,-385.413,737.743
7890,0,-703.254,-418.279
7890,1,584.256,-639.868
7890,2,1035.38,1193.21
7890,3,-385.946,738.704
7900,0,-704.191,-418.842
7900,1,585.029,-640.735
7900,2,1036.69,1194.71
7900,3,-386.48,739.665
7910,0,-705.128,-419.404
7910,1,585.803,-641.602
7910,2,1037.99,1196.21
7910,3,-387.014,740.626
7920,0,-706.064,-419.967
7920,1,586.576,-642.469
7920,2,1039.3,1197.71
7920,3,-387.547,741.588
7930,0,-707.001,-420.529
7930,1,587.349,-643.336
7930,2,1040.6,1199.21
7930,3,-388.081,742.549
7940,0,-707.938,-421.092
7940,1,588.123,-644.203
7940,2,1041.9,1200.71
7940,3,-388.614,743.51
7950,0,-708.874,-421.654
7950,1,588.896,-645.07
7950,2,1043.21,1202.21
7950,3,-389.148,744.471
7960,0,-709.811,-422.217
7960,1,589.669,-645.937
7960,2,1044.51,1203.71
7960,3,-389.682,745.432
7970,0,-710.748,-422.779
7970,1,590.443,-646.804
7970,2,1045.82,1205.21
7970,3,-390.215,746.393
7980,0,-711.685,-423.341
7980,1,591.216,-647.671
7980,2,1047.12,1206.71
7980,3,-390.749,747.354
7990,0,-712.622,-423.904
7990,1,591.989,-648.539
7990,2,1048.43,1208.21
7990,3,-391.283,748.316
8000,0,-713.558,-424.466
8000,1,592.763,-649.406
8000,2,1049.73,1209.71
8000,3,-391.816,749.277
8010,0,-714.495,-425.029
8010,1,593.536,-650.273
8010,2,1051.03,1211.21
8010,3,-392.35,750.238
8020,0,-715.432,-425.591
8020,1,594.31,-651.14
8020,2,1052.34,1212.71
8020,3,-392.884,751.199
8030,0,-716.369,-426.154
8030,1,595.083,-652.007
8030,2,1053.64,1214.2
8030,3,-393.417,752.161
8040,0,-717.306,-426.716
8040,1,595.857,-652.874
8040,2,1054.95,1215.7
8040,3,-393.951,753.122
8050,0,-718.243,-427.279
8050,1,596.63,-653.741
8050,2,1056.25,1217.2
8050,3,-394.485,754.083
8060,0,-719.18,-427.841
8060,1,597.404,-654.608
8060,2,1057.56,1218.7
8060,3,-395.018,755.045
8070,0,-720.117,-428.404
8070,1,598.177,-655.475
8070,2,1058.86,1220.2
8070,3,-395.552,756.006
8080,0,-721.053,-428.967
8080,1,598.951,-656.343
8080,2,1060.16,1221.7
8080,3,-396.086,756.967
8090,0,-721.99,-429.529
8090,1,599.724,-657.21
8090,2,1061.47,1223.2
8090,3,-396.62,757.929
8100,0,-722.927,-430.092
8100,1,600.498,-658.077
8100,2,1062.77,1224.7
8100,3,-397.153,758.89
8110,0,-723.864,-430.654
8110,1,601.271,-658.944
8110,2,1064.08,1226.2
8110,3,-397.687,759.851
8120,0,-724.801,-431.217
8120,1,602.045,-659.811
8120,2,1065.38,1227.7
8120,3,-398.221,760.813
8130,0,-725.738,-431.779
8130,1,602.818,-660.678
8130,2,1066.69,1229.2
8130,3,-398.754,761.774
8140,0,-726.675,-432.342
8140,1,603.592,-661.546
8140,2,1067.99,1230.7
8140,3,-399.288,762.736
8150,0,-727.612,-432.905
8150,1,604.366,-662.413
8150,2,1069.29,1232.2
8150,3,-399.822,763.697
8160,0,-728.549,-433.467
8160,1,605.139,-663.28
8160,2,1070.6,1233.7
8160,3,-400.356,764.659
8170,0,-729.486,-434.03
8170,1,605.913,-664.147
8170,2,1071.9,1235.2
8170,3,-400.889,765.62
8180,0,-730.423,-434.592
8180,1,606.686,-665.015
8180,2,1073.21,1236.7
8180,3,-401.423,766.582
8190,0,-731.36,-435.155
8190,1,607.46,-665.882
8190,2,1074.51,1238.2
8190,3,-401.957,767.543
8200,0,-732.298,-435.718
8200,1,608.234,-666.749
8200,2,1075.82,1239.7
8200,3,-402.491,768.505
8210,0,-733.235,-436.28
8210,1,609.007,-667.616
8210,2,1077.12,1241.2
8210,3,-403.024,769.466
8220,0,-734.172,-436.843
8220,1,609.781,-668.483
8220,2,1078.42,1242.7
8220,3,-403.558,770.428
8230,0,-735.109,-437.405
8230,1,610.555,-669.351
8230,2,1079.73,1244.2
8230,3,-404.092,771.389
8240,0,-736.046,-437.968
8240,1,611.328,-670.218
8240,2,1081.03,1245.7
8240,3,-404.626,772.351
8250,0,-736.983,-438.531
8250,1,612.102,-671.085
8250,2,1082.34,1247.19
8250,3,-405.159,773.312
8260,0,-737.92,-439.093
8260,1,612.876,-671.953
8260,2,1083.64,1248.69
8260,3,-405.693,774.274
8270,0,-738.857,-439.656
8270,1,613.65,-672.82
8270,2,1084.95,1250.19
8270,3,-406.227,775.236
8280,0,-739.795,-440.219
8280,1,614.423,-673.687
8280,2,1086.25,1251.69
8280,3,-406.761,776.197
8290,0,-740.732,-440.781
8290,1,615.197,-674.555
8290,2,1087.56,1253.19
8290,3,-407.295,777.159
8300,0,-741.669,-441.344
8300,1,615.971,-675.422
8300,2,1088.86,1254.69
8300,3,-407.828,778.121
8310,0,-742.606,-441.907
8310,1,616.745,-676.289
8310,2,1090.16,1256.19
8310,3,-408.362,779.082
8320,0,-743.543,-442.47
8320,1,617.518,-677.156
8320,2,1091.47,1257.69
8320,3,-408.896,780.044
8330,0,-744.481,-443.032
8330,1,618.292,-678.024
8330,2,1092.77,1259.19
8330,3,-409.43,781.006
8340,0,-745.418,-443.595
8340,1,619.066,-678.891
8340,2,1094.08,1260.69
8340,3,-409.964,781.967
8350,0,-746.355,-444.158
8350,1,619.84,-679.759
8350,2,1095.38,1262.19
8350,3,-410.497,782.929
8360,0,-747.292,-444.72
8360,1,620.614,-680.626
8360,2,1096.69,1263.69
8360,3,-411.031,783.891
8370,0,-748.23,-445.283
8370,1,621.387,-681.493
8370,2,1097.99,1265.19
8370,3,-411.565,784.853
8380,0,-749.167,-445.846
8380,1,622.161,-682.361
8380,2,1099.3,1266.69
8380,3,-412.099,785.814
8390,0,-750.104,-446.409
8390,1,622.935,-683.228
8390,2,1100.6,1268.19
8390,3,-412.633,786.776
8400,0,-751.042,-446.971
8400,1,623.709,-684.095
8400,2,1101.91,1269.69
8400,3,-413.167,787.738
8410,0,-751.979,-447.534
8410,1,624.483,-684.963
8410,2,1103.21,1271.19
8410,3,-413.701,788.7
8420,0,-752.916,-448.097
8420,1,625.257,-685.83
8420,2,1104.51,1272.69
8420,3,-414.234,789.662
8430,0,-753.854,-448.66
8430,1,626.031,-686.698
8430,2,1105.82,1274.19
8430,3,-414.768,790.624
8440,0,-754.791,-449.222
8440,1,626.805,-687.565
8440,2,1107.12,1275.69
8440,3,-415.302,791.585
8450,0,-755.728,-449.785
8450,1,627.579,-688.433
8450,2,1108.43,1277.19
8450,3,-415.836,792.547
8460,0,-756.666,-450.348
8460,1,628.353,-689.3
8460,2,1109.73,1278.69
8460,3,-416.37,793.509
8470,0,-757.603,-450.911
8470,1,629.127,-690.167
8470,2,1111.04,1280.19
8470,3,-416.904,794.471
8480,0,-758.541,-451.474
8480,1,629.9,-691.035
8480,2,1112.34,1281.69
8480,3,-417.438,795.433
8490,0,-759.478,-452.036
8490,1,630.674,-691.902
8490,2,1113.65,1283.19
8490,3,-417.972,796.395
8500,0,-760.415,-452.599
8500,1,631.448,-692.77
8500,2,1114.95,1284.69
8500,3,-418.505,797.357
8510,0,-761.353,-453.162
8510,1,632.222,-693.637
8510,2,1116.26,1286.19
8510,3,-419.039,798.319
8520,0,-762.29,-453.725
8520,1,632.996,-694.505
8520,2,1117.56,1287.69
8520,3,-419.573,799.281
8530,0,-763.228,-454.288
8530,1,633.77,-695.372
8530,2,1118.87,1289.19
8530,3,-420.107,800.243
8540,0,-764.165,-454.851
8540,1,634.545,-696.24
8540,2,1120.17,1290.69
8540,3,-420.641,801.205
8550,0,-765.103,-455.413
8550,1,635.319,-697.107
8550,2,1121.47,1292.19
8550,3,-421.175,802.167
8560,0,-766.04,-455.976
8560,1,636.093,-697.975
8560,2,1122.78,1293.69
8560,3,-421.709,803.129
8570,0,-766.978,-456.539
8570,1,636.867,-698.842
8570,2,1124.08,1295.19
8570,3,-422.243,804.091
8580,0,-767.915,-457.102
8580,1,637.641,-699.71
8580,2,1125.39,1296.69
8580,3,-422.777,805.053
8590,0,-768.853,-457.665
8590,1,638.415,-700.577
8590,2,1126.69,1298.19
8590,3,-423.311,806.015
8600,0,-769.79,-458.228
8600,1,639.189,-701.445
8600,2,1128,1299.69
8600,3,-423.845,806.977
8610,0,-770.728,-458.791
8610,1,639.963,-702.312
8610,2,1129.3,1301.19
8610,3,-424.379,807.939
8620,0,-771.666,-459.354
8620,1,640.737,-703.18
8620,2,1130.61,1302.69
8620,3,-424.913,808.901
8630,0,-772.603,-459.916
8630,1,641.511,-704.048
8630,2,1131.91,1304.19
8630,3,-425.446,809.864
8640,0,-773.541,-460.479
8640,1,642.285,-704.915
8640,2,1133.22,1305.69
8640,3,-425.98,810.826
8650,0,-774.478,-461.042
8650,1,643.059,-705.783
8650,2,1134.52,1307.19
8650,3,-426.514,811.788
8660,0,-775.416,-461.605
8660,1,643.834,-706.65
8660,2,1135.83,1308.69
8660,3,-427.048,812.75
8670,0,-776.354,-462.168
8670,1,644.608,-707.518
8670,2,1137.13,1310.19
8670,3,-427.582,813.712
8680,0,-777.291,-462.731
8680,1,645.382,-708.385
8680,2,1138.44,1311.69
8680,3,-428.116,814.674
8690,0,-778.229,-463.294
8690,1,646.156,-709.253
8690,2,1139.74,1313.19
8690,3,-428.65,815.637
8700,0,-779.166,-463.857
8700,1,646.93,-710.121
8700,2,1141.04,1314.69
8700,3,-429.184,816.599
8710,0,-780.104,-464.42
8710,1,647.705,-710.988
8710,2,1142.35,1316.19
8710,3,-429.718,817.561
8720,0,-781.042,-464.983
8720,1,648.479,-711.856
8720,2,1143.65,1317.69
8720,3,-430.252,818.523
8730,0,-781.98,-465.546
8730,1,649.253,-712.724
8730,2,1144.96,1319.19
8730,3,-430.786,819.486
8740,0,-782.917,-466.109
8740,1,650.027,-713.591
8740,2,1146.26,1320.69
8740,3,-431.32,820.448
8750,0,-783.855,-466.672
8750,1,650.801,-714.459
8750,2,1147.57,1322.19
8750,3,-431.854,821.41
8760,0,-784.793,-467.235
8760,1,651.576,-715.326
8760,2,1148.87,1323.69
8760,3,-432.388,822.372
8770,0,-785.73,-467.798
8770,1,652.35,-716.194
8770,2,1150.18,1325.19
8770,3,-432.922,823.335
8780,0,-786.668,-468.361
8780,1,653.124,-717.062
8780,2,1151.48,1326.69
8780,3,-433.456,824.297
8790,0,-787.606,-468.924
8790,1,653.899,-717.929
8790,2,1152.79,1328.19
8790,3,-433.99,825.259
8800,0,-788.544,-469.487
8800,1,654.673,-718.797
8800,2,1154.09,1329.69
8800,3,-434.524,826.222
8810,0,-789.481,-470.05
8810,1,655.447,-719.665
8810,2,1155.4,1331.19
8810,3,-435.058,827.184
8820,0,-790.419,-470.613
8820,1,656.221,-720.533
8820,2,1156.7,1332.69
8820,3,-435.592,828.146
8830,0,-791.357,-471.176
8830,1,656.996,-721.4
8830,2,1158.01,1334.19
8830,3,-436.126,829.109
8840,0,-792.295,-471.739
8840,1,657.77,-722.268
8840,2,1159.31,1335.69
8840,3,-436.66,830.071
8850,0,-793.233,-472.302
8850,1,658.544,-723.136
8850,2,1160.62,1337.19
8850,3,-437.194,831.034
8860,0,-794.171,-472.865
8860,1,659.319,-724.003
8860,2,1161.92,1338.69
8860,3,-437.729,831.996
8870,0,-795.108,-473.428
8870,1,660.093,-724.871
8870,2,1163.23,1340.19
8870,3,-438.263,832.958
8880,0,-796.046,-473.991
8880,1,660.868,-725.739
8880,2,1164.53,1341.69
8880,3,-438.797,833.921
8890,0,-796.984,-474.554
8890,1,661.642,-726.607
8890,2,1165.84,1343.19
8890,3,-439.331,834.883
8900,0,-797.922,-475.117
8900,1,662.416,-727.474
8900,2,1167.14,1344.69
8900,3,-439.865,835.846
8910,0,-798.86,-475.68
8910,1,663.191,-728.342
8910,2,1168.45,1346.19
8910,3,-440.399,836.808
8920,0,-799.798,-476.243
8920,1,663.965,-729.21
8920,2,1169.75,1347.69
8920,3,-440.933,837.771
8930,0,-800.736,-476.806
8930,1,664.74,-730.078
8930,2,1171.06,1349.19
8930,3,-441.467,838.733
8940,0,-801.674,-477.369
8940,1,665.514,-730.945
8940,2,1172.36,1350.69
8940,3,-442.001,839.696
8950,0,-802.612,-477.932
8950,1,666.288,-731.813
8950,2,1173.67,1352.19
8950,3,-442.535,840.658
8960,0,-803.549,-478.495
8960,1,667.063,-732.681
8960,2,1174.97,1353.69
8960,3,-443.069,841.621
8970,0,-804.487,-479.059
8970,1,667.837,-733.549
8970,2,1176.28,1355.19
8970,3,-443.603,842.584
8980,0,-805.425,-479.622
8980,1,668.612,-734.416
8980,2,1177.58,1356.69
8980,3,-444.137,843.546
8990,0,-806.363,-480.185
8990,1,669.386,-735.284
8990,2,1178.89,1358.19
8990,3,-444.672,844.509
9000,0,-807.301,-480.748
9000,1,670.161,-736.152
9000,2,1180.19,1359.69
9000,3,-445.206,845.471
9010,0,-808.239,-481.311
9010,1,670.935,-737.02
9010,2,1181.5,1361.19
9010,3,-445.74,846.434
9020,0,-809.177,-481.874
9020,1,671.71,-737.888
9020,2,1182.8,1362.69
9020,3,-446.274,847.396
9030,0,-810.115,-482.437
9030,1,672.484,-738.756
9030,2,1184.11,1364.19
9030,3,-446.808,848.359
9040,0,-811.053,-483
9040,1,673.259,-739.623
9040,2,1185.41,1365.69
9040,3,-447.342,849.322
9050,0,-811.991,-483.564
9050,1,674.033,-740.491
9050,2,1186.72,1367.19
9050,3,-447.876,850.284
9060,0,-812.929,-484.127
9060,1,674.808,-741.359
9060,2,1188.02,1368.69
9060,3,-448.41,851.247
9070,0,-813.867,-484.69
9070,1,675.582,-742.227
9070,2,1189.33,1370.19
9070,3,-448.945,852.21
9080,0,-814.805,-485.253
9080,1,676.357,-743.095
9080,2,1190.63,1371.69
9080,3,-449.479,853.172
9090,0,-815.744,-485.816
9090,1,677.132,-743.963
9090,2,1191.94,1373.19
9090,3,-450.013,854.135
9100,0,-816.682,-486.379
9100,1,677.906,-744.831
9100,2,1193.24,1374.69
9100,3,-450.547,855.098
9110,0,-817.62,-486.942
9110,1,678.681,-745.698
9110,2,1194.55,1376.19
9110,3,-451.081,856.061
9120,0,-818.558,-487.506
9120,1,679.455,-746.566
9120,2,1195.85,1377.69
9120,3,-451.615,857.023
9130,0,-819.496,-488.069
9130,1,680.23,-747.434
9130,2,1197.16,1379.19
9130,3,-452.149,857.986
9140,0,-820.434,-488.632
9140,1,681.005,-748.302
9140,2,1198.46,1380.69
9140,3,-452.684,858.949
9150,0,-821.372,-489.195
9150,1,681.779,-749.17
9150,2,1199.77,1382.19
9150,3,-453.218,859.912
9160,0,-822.31,-489.758
9160,1,682.554,-750.038
9160,2,1201.07,1383.69
9160,3,-453.752,860.874
9170,0,-823.248,-490.322
9170,1,683.328,-750.906
9170,2,1202.38,1385.19
9170,3,-454.286,861.837
9180,0,-824.187,-490.885
9180,1,684.103,-751.774
9180,2,1203.68,1386.69
9180,3,-454.82,862.8
9190,0,-825.125,-491.448
9190,1,684.878,-752.642
9190,2,1204.99,1388.19
9190,3,-455.354,863.763
9200,0,-826.063,-492.011
9200,1,685.652,-753.51
9200,2,1206.29,1389.69
9200,3,-455.889,864.726
9210,0,-827.001,-492.575
9210,1,686.427,-754.378
9210,2,1207.6,1391.19
9210,3,-456.423,865.689
9220,0,-827.939,-493.138
9220,1,687.202,-755.246
9220,2,1208.9,1392.69
9220,3,-456.957,866.651
9230,0,-828.878,-493.701
9230,1,687.976,-756.113
9230,2,1210.21,1394.19
9230,3,-457.491,867.614
9240,0,-829.816,-494.264
9240,1,688.751,-756.981
9240,2,1211.51,1395.69
9240,3,-458.025,868.577
9250,0,-830.754,-494.828
9250,1,689.526,-757.849
9250,2,1212.82,1397.19
9250,3,-458.56,869.54
9260,0,-831.692,-495.391
9260,1,690.301,-758.717
9260,2,1214.12,1398.7
9260,3,-459.094,870.503
9270,0,-832.631,-495.954
9270,1,691.075,-759.585
9270,2,1215.43,1400.2
9270,3,-459.628,871.466
9280,0,-833.569,-496.517
9280,1,691.85,-760.453
9280,2,1216.73,1401.7
9280,3,-460.162,872.429
9290,0,-834.507,-497.081
9290,1,692.625,-761.321
9290,2,1218.04,1403.2
9290,3,-460.696,873.392
9300,0,-835.445,-497.644
9300,1,693.4,-762.189
9300,2,1219.34,1404.7
9300,3,-461.231,874.355
9310,0,-836.384,-498.207
9310,1,694.174,-763.057
9310,2,1220.65,1406.2
9310,3,-461.765,875.318
9320,0,-837.322,-498.77
9320,1,694.949,-763.925
9320,2,1221.95,1407.7
9320,3,-462.299,876.281
9330,0,-838.26,-499.334
9330,1,695.724,-764.793
9330,2,1223.26,1409.2
9330,3,-462.833,877.244
9340,0,-839.199,-499.897
9340,1,696.499,-765.661
9340,2,1224.56,1410.7
9340,3,-463.368,878.207
9350,0,-840.137,-500.46
9350,1,697.274,-766.529
9350,2,1225.87,1412.2
9350,3,-463.902,879.17
9360,0,-841.075,-501.024
9360,1,698.048,-767.397
9360,2,1227.17,1413.7
9360,3,-464.436,880.133
9370,0,-842.014,-501.587
9370,1,698.823,-768.265
9370,2,1228.48,1415.2
9370,3,-464.97,881.096
9380,0,-842.952,-502.15
9380,1,699.598,-769.134
9380,2,1229.78,1416.7
9380,3,-465.505,882.059
9390,0,-843.89,-502.714
9390,1,700.373,-770.002
9390,2,1231.09,1418.2
9390,3,-466.039,883.022
9400,0,-844.829,-503.277
9400,1,701.148,-770.87
9400,2,1232.39,1419.7
9400,3,-466.573,883.985
9410,0,-845.767,-503.84
9410,1,701.923,-771.738
9410,2,1233.7,1421.2
9410,3,-467.107,884.948
9420,0,-846.705,-504.404
9420,1,702.697,-772.606
9420,2,1235,1422.7
9420,3,-467.642,885.911
9430,0,-847.644,-504.967
9430,1,703.472,-773.474
9430,2,1236.31,1424.2
9430,3,-468.176,886.874
9440,0,-848.582,-505.53
9440,1,704.247,-774.342
9440,2,1237.61,1425.7
9440,3,-468.71,887.837
9450,0,-849.521,-506.094
9450,1,705.022,-775.21
9450,2,1238.92,1427.2
9450,3,-469.244,888.8
9460,0,-850.459,-506.657
9460,1,705.797,-776.078
9460,2,1240.23,1428.7
9460,3,-469.779,889.763
9470,0,-851.397,-507.22
9470,1,706.572,-776.946
9470,2,1241.53,1430.2
9470,3,-470.313,890.727
9480,0,-852.336,-507.784
9480,1,707.347,-777.814
9480,2,1242.84,1431.7
9480,3,-470.847,891.69
9490,0,-853.274,-508.347
9490,1,708.122,-778.682
9490,2,1244.14,1433.2
9490,3,-471.382,892.653
9500,0,-854.213,-508.91
9500,1,708.897,-779.55
9500,2,1245.45,1434.7
9500,3,-471.916,893.616
9510,0,-855.151,-509.474
9510,1,709.672,-780.419
9510,2,1246.75,1436.21
9510,3,-472.45,894.579
9520,0,-856.09,-510.037
9520,1,710.447,-781.287
9520,2,1248.06,1437.71
9520,3,-472.984,895.542
9530,0,-857.028,-510.601
9530,1,711.221,-782.155
9530,2,1249.36,1439.21
9530,3,-473.519,896.506
9540,0,-857.967,-511.164
9540,1,711.996,-783.023
9540,2,1250.67,1440.71
9540,3,-474.053,897.469
9550,0,-858.905,-511.727
9550,1,712.771,-783.891
9550,2,1251.97,1442.21
9550,3,-474.587,898.432
9560,0,-859.844,-512.291
9560,1,713.546,-784.759
9560,2,1253.28,1443.71
9560,3,-475.122,899.395
9570,0,-860.782,-512.854
9570,1,714.321,-785.627
9570,2,1254.58,1445.21
9570,3,-475.656,900.358
9580,0,-861.721,-513.418
9580,1,715.096,-786.496
9580,2,1255.89,1446.71
9580,3,-476.19,901.322
9590,0,-862.659,-513.981
9590,1,715.871,-787.364
9590,2,1257.19,1448.21
9590,3,-476.725,902.285
9600,0,-863.598,-514.544
9600,1,716.646,-788.232
9600,2,1258.5,1449.71
9600,3,-477.259,903.248
9610,0,-864.537,-515.108
9610,1,717.421,-789.1
9610,2,1259.8,1451.21
9610,3,-477.793,904.212
9620,0,-865.475,-515.671
9620,1,718.196,-789.968
9620,2,1261.11,1452.71
9620,3,-478.328,905.175
9630,0,-866.414,-516.235
9630,1,718.972,-790.837
9630,2,1262.41,1454.21
9630,3,-478.862,906.138
9640,0,-867.352,-516.798
9640,1,719.747,-791.705
9640,2,1263.72,1455.71
9640,3,-479.396,907.102
9650,0,-868.291,-517.362
9650,1,720.522,-792.573
9650,2,1265.03,1457.21
9650,3,-479.931,908.065
9660,0,-869.229,-517.925
9660,1,721.297,-793.441
9660,2,1266.33,1458.71
9660,3,-480.465,909.028
9670,0,-870.168,-518.489
9670,1,722.072,-794.309
9670,2,1267.64,1460.21
9670,3,-480.999,909.992
9680,0,-871.107,-519.052
9680,1,722.847,-795.178
9680,2,1268.94,1461.71
9680,3,-481.534,910.955
9690,0,-872.045,-519.616
9690,1,723.622,-796.046
9690,2,1270.25,1463.22
9690,3,-482.068,911.918
9700,0,-872.984,-520.179
9700,1,724.397,-796.914
9700,2,1271.55,1464.72
9700,3,-482.602,912.882
9710,0,-873.923,-520.742
9710,1,725.172,-797.782
9710,2,1272.86,1466.22
9710,3,-483.137,913.845
9720,0,-874.861,-521.306
9720,1,725.947,-798.65
9720,2,1274.16,1467.72
9720,3,-483.671,914.808
9730,0,-875.8,-521.869
9730,1,726.722,-799.519
9730,2,1275.47,1469.22
9730,3,-484.206,915.772
9740,0,-876.739,-522.433
9740,1,727.498,-800.387
9740,2,1276.77,1470.72
9740,3,-484.74,916.735
9750,0,-877.677,-522.996
9750,1,728.273,-801.255
9750,2,1278.08,1472.22
9750,3,-485.274,917.699
9760,0,-878.616,-523.56
9760,1,729.048,-802.123
9760,2,1279.38,1473.72
9760,3,-485.809,918.662
9770,0,-879.555,-524.123
9770,1,729.823,-802.992
9770,2,1280.69,1475.22
9770,3,-486.343,919.626
9780,0,-880.493,-524.687
9780,1,730.598,-803.86
9780,2,1282,1476.72
9780,3,-486.877,920.589
9790,0,-881.432,-525.25
9790,1,731.373,-804.728
9790,2,1283.3,1478.22
9790,3,-487.412,921.553
9800,0,-882.371,-525.814
9800,1,732.148,-805.597
9800,2,1284.61,1479.72
9800,3,-487.946,922.516
9810,0,-883.31,-526.378
9810,1,732.924,-806.465
9810,2,1285.91,1481.22
9810,3,-488.481,923.48
9820,0,-884.248,-526.941
9820,1,733.699,-807.333
9820,2,1287.22,1482.72
9820,3,-489.015,924.443
9830,0,-885.187,-527.505
9830,1,734.474,-808.201
9830,2,1288.52,1484.22
9830,3,-489.549,925.407
9840,0,-886.126,-528.068
9840,1,735.249,-809.07
9840,2,1289.83,1485.72
9840,3,-490.084,926.37
9850,0,-887.065,-528.632
9850,1,736.024,-809.938
9850,2,1291.13,1487.23
9850,3,-490.618,927.334
9860,0,-888.003,-529.195
9860,1,736.8,-810.806
9860,2,1292.44,1488.73
9860,3,-491.153,928.297
9870,0,-888.942,-529.759
9870,1,737.575,-811.675
9870,2,1293.74,1490.23
9870,3,-491.687,929.261
9880,0,-889.881,-530.322
9880,1,738.35,-812.543
9880,2,1295.05,1491.73
9880,3,-492.222,930.224
9890,0,-890.82,-530.886
9890,1,739.125,-813.411
9890,2,1296.36,1493.23
9890,3,-492.756,931.188
9900,0,-891.759,-531.45
9900,1,739.901,-814.28
9900,2,1297.66,1494.73
9900,3,-493.29,932.151
9910,0,-892.698,-532.013
9910,1,740.676,-815.148
9910,2,1298.97,1496.23
9910,3,-493.825,933.115
9920,0,-893.636,-532.577
9920,1,741.451,-816.016
9920,2,1300.27,1497.73
9920,3,-494.359,934.079
9930,0,-894.575,-533.14
9930,1,742.226,-816.885
9930,2,1301.58,1499.23
9930,3,-494.894,935.042
9940,0,-895.514,-533.704
9940,1,743.002,-817.753
9940,2,1302.88,1500.73
9940,3,-495.428,936.006
9950,0,-896.453,-534.267
9950,1,743.777,-818.621
9950,2,1304.19,1502.23
9950,3,-495.963,936.97
9960,0,-897.392,-534.831
9960,1,744.552,-819.49
9960,2,1305.49,1503.73
9960,3,-496.497,937.933
9970,0,-898.331,-535.395
9970,1,745.328,-820.358
9970,2,1306.8,1505.23
9970,3,-497.032,938.897
9980,0,-899.27,-535.958
9980,1,746.103,-821.227
9980,2,1308.1,1506.73
9980,3,-497.566,939.861
9990,0,-900.208,-536.522
9990,1,746.878,-822.095
9990,2,1309.41,1508.24
9990,3,-498.1,940.824
